2049.5,0,[12, 9, 5, 12, 7, 14, 13, 7, 9, 8, 6, 5, 7, 4, 3, 7, 9, 8, 23]
2058.0,1,[12, 7, 8, 8, 2, 7, 14, 3, 12, 8, 6, 8, 7, 7, 9, 13, 10, 5, 7]
2056.0,2,[16, 4, 10, 8, 13, 6, 10, 16, 5, 3, 11, 8, 5, 4, 13, 9, 7, 14, 11]
2062.5,3,[4, 10, 20, 13, 8, 3, 4, 14, 11, 4, 11, 13, 17, 10, 5, 4, 7, 8, 10]
2057.0,4,[6, 19, 10, 7, 7, 9, 17, 14, 9, 4, 8, 16, 9, 7, 9, 9, 5, 9, 6]
2027.0,5,[10, 12, 3, 3, 19, 8, 7, 9, 8, 3, 7, 19, 5, 6, 9, 12, 7, 8, 12]
2053.5,6,[15, 15, 6, 10, 10, 10, 13, 6, 9, 9, 12, 5, 7, 8, 11, 20, 13, 4, 7]
2062.0,7,[13, 7, 9, 12, 13, 5, 8, 7, 19, 5, 11, 3, 5, 9, 10, 4, 11, 2, 16]
2060.0,8,[8, 5, 11, 6, 6, 6, 14, 8, 10, 8, 11, 12, 8, 12, 20, 6, 6, 8, 6]
2047.5,9,[13, 8, 12, 4, 8, 16, 5, 5, 6, 10, 14, 4, 5, 10, 8, 18, 9, 19, 9]
2047.0,10,[5, 7, 4, 6, 15, 5, 9, 12, 8, 12, 6, 7, 9, 4, 6, 6, 11, 8, 13]
2059.0,11,[13, 12, 21, 8, 5, 14, 8, 13, 13, 15, 3, 14, 7, 4, 14, 7, 7, 5, 2]
2058.0,12,[3, 9, 8, 15, 6, 7, 10, 9, 9, 14, 9, 7, 16, 10, 8, 12, 13, 3, 9]
2059.0,13,[11, 5, 13, 13, 13, 12, 8, 8, 14, 7, 7, 8, 11, 13, 6, 8, 9, 17, 10]
2048.5,14,[8, 14, 5, 8, 8, 8, 10, 6, 5, 2, 8, 10, 8, 12, 6, 9, 13, 1, 6]
2058.0,15,[7, 5, 9, 4, 7, 10, 7, 8, 15, 10, 8, 10, 9, 7, 6, 6, 9, 7, 1]
2063.5,16,[4, 5, 14, 16, 8, 15, 14, 3, 1, 9, 3, 7, 3, 4, 8, 13, 6, 4, 11]
2048.5,17,[5, 4, 11, 8, 4, 7, 14, 6, 7, 5, 17, 4, 5, 9, 6, 17, 8, 2, 9]
2063.0,18,[6, 9, 17, 7, 15, 2, 12, 5, 4, 3, 5, 2, 13, 9, 8, 8, 4, 10, 6]
2043.0,19,[8, 10, 8, 17, 9, 4, 2, 8, 6, 8, 5, 8, 5, 9, 5, 7, 11, 12, 4]
1682.5,0,[11, 2, 4, 8, 3, 6, 9, 4, 7, 7, 5, 3, 14, 8, 7, 10, 19, 6, 4]
1687.5,1,[5, 17, 8, 4, 7, 11, 15, 3, 4, 7, 8, 10, 6, 19, 5, 3, 2, 12, 3]
1681.5,2,[12, 7, 7, 5, 15, 8, 19, 4, 7, 3, 11, 9, 9, 6, 10, 5, 7, 8, 9]
1684.5,3,[4, 8, 7, 17, 6, 11, 9, 3, 12, 13, 19, 5, 8, 1, 5, 6, 6, 3, 15]
1688.0,4,[8, 13, 4, 19, 4, 13, 3, 13, 7, 11, 10, 9, 5, 9, 2, 7, 8, 2, 7]
1692.0,5,[12, 4, 9, 9, 8, 10, 4, 10, 7, 3, 6, 5, 7, 1, 17, 7, 13, 3, 13]
1664.0,6,[4, 10, 4, 8, 8, 11, 5, 16, 7, 8, 2, 2, 10, 10, 4, 6, 4, 2, 12]
1692.0,7,[14, 4, 2, 11, 16, 18, 11, 5, 10, 9, 15, 1, 5, 9, 3, 6, 5, 7, 4]
1691.0,8,[8, 9, 20, 3, 11, 4, 9, 6, 7, 4, 1, 9, 3, 14, 3, 6, 5, 4, 2]
1693.0,9,[8, 15, 9, 7, 9, 4, 6, 11, 1, 8, 9, 21, 8, 8, 9, 1, 6, 15, 4]
1690.5,10,[5, 8, 9, 10, 11, 9, 14, 5, 6, 11, 5, 5, 11, 14, 9, 11, 7, 8, 14]
1681.5,11,[6, 10, 6, 8, 3, 9, 5, 7, 7, 3, 9, 6, 10, 3, 3, 7, 10, 10, 5]
1679.5,12,[11, 10, 8, 4, 15, 6, 8, 4, 9, 8, 1, 8, 4, 4, 7, 8, 4, 7, 4]
1690.0,13,[5, 6, 2, 3, 10, 7, 6, 8, 3, 10, 11, 8, 5, 7, 8, 9, 4, 6, 2]
1672.5,14,[4, 6, 3, 5, 7, 4, 6, 5, 20, 5, 11, 8, 4, 7, 2, 11, 11, 7, 6]
1670.5,15,[12, 4, 7, 8, 4, 8, 6, 3, 14, 5, 10, 10, 2, 4, 10, 6, 13, 6, 2]
1668.0,16,[8, 4, 7, 12, 19, 8, 5, 27, 7, 8, 8, 9, 2, 15, 12, 5, 3, 3, 3]
1692.0,17,[11, 1, 10, 13, 8, 22, 7, 4, 4, 2, 4, 1, 6, 7, 6, 2, 3, 12, 5]
1689.5,18,[8, 5, 5, 2, 10, 2, 6, 12, 9, 15, 6, 7, 3, 11, 4, 9, 11, 4, 9]
1674.5,19,[7, 10, 3, 8, 16, 5, 3, 9, 3, 5, 6, 8, 5, 3, 6, 5, 8, 9, 3]
1841.5,0,[7, 18, 5, 1, 8, 3, 6, 10, 4, 6, 7, 4, 10, 4, 5, 6, 5, 8, 12]
1806.0,1,[11, 2, 9, 12, 5, 11, 12, 13, 7, 19, 14, 11, 9, 8, 2, 7, 6, 2, 4]
1848.5,2,[16, 17, 6, 7, 9, 5, 7, 6, 9, 7, 5, 7, 9, 6, 5, 2, 10, 12, 17]
1850.0,3,[9, 8, 7, 7, 2, 4, 11, 6, 8, 4, 12, 7, 4, 8, 8, 5, 5, 10, 12]
1803.0,4,[10, 10, 3, 9, 22, 5, 12, 10, 9, 5, 10, 6, 8, 2, 9, 5, 3, 6, 13]
1848.0,5,[8, 5, 6, 7, 10, 6, 7, 5, 15, 8, 6, 10, 10, 7, 1, 8, 11, 10, 3]
1844.0,6,[6, 4, 6, 4, 8, 8, 8, 17, 11, 5, 7, 7, 4, 10, 7, 6, 16, 8, 8]
1821.0,7,[13, 3, 7, 8, 8, 6, 7, 9, 4, 10, 6, 6, 11, 8, 9, 8, 9, 2, 2]
1845.5,8,[6, 11, 8, 4, 3, 4, 6, 7, 19, 10, 19, 8, 9, 6, 3, 6, 5, 7, 4]
1841.0,9,[4, 5, 9, 12, 8, 12, 4, 10, 5, 6, 11, 5, 6, 6, 6, 5, 9, 9, 9]
1839.5,10,[12, 13, 5, 4, 3, 10, 8, 7, 15, 5, 7, 11, 10, 6, 2, 5, 5, 5, 10]
1835.5,11,[7, 9, 6, 24, 4, 3, 5, 3, 3, 2, 3, 6, 9, 15, 10, 12, 6, 3, 9]
1844.0,12,[13, 5, 12, 6, 7, 7, 7, 10, 11, 4, 14, 7, 1, 7, 6, 10, 10, 9, 8]
1850.5,13,[12, 14, 15, 4, 4, 9, 2, 15, 21, 6, 9, 2, 10, 17, 2, 13, 6, 5, 14]
1840.5,14,[5, 11, 9, 6, 3, 7, 5, 6, 5, 7, 10, 22, 12, 11, 13, 11, 5, 7, 5]
1851.5,15,[4, 6, 5, 5, 16, 11, 5, 4, 5, 10, 5, 4, 6, 12, 4, 8, 8, 29, 4]
1852.0,16,[29, 6, 5, 1, 7, 6, 11, 7, 4, 8, 7, 1, 7, 9, 3, 15, 6, 7, 4]
1798.5,17,[7, 1, 4, 27, 18, 5, 15, 10, 11, 8, 3, 4, 5, 9, 10, 12, 4, 4, 5]
1824.0,18,[10, 13, 18, 7, 9, 10, 3, 4, 3, 10, 17, 11, 5, 7, 11, 2, 3, 2, 9]
1851.0,19,[25, 6, 16, 3, 8, 9, 18, 22, 11, 4, 4, 14, 2, 13, 1, 10, 8, 8, 2]
1565.0,0,[16, 9, 6, 4, 2, 3, 8, 2, 7, 9, 11, 3, 2, 1, 5, 9, 7, 13, 8]
1565.0,1,[8, 6, 8, 6, 5, 7, 8, 4, 6, 6, 7, 5, 5, 9, 7, 7, 6, 9, 5]
1555.0,2,[6, 3, 7, 12, 7, 6, 11, 9, 6, 8, 2, 18, 7, 6, 3, 4, 4, 6, 5]
1559.5,3,[11, 7, 5, 5, 4, 6, 7, 14, 3, 4, 8, 6, 7, 7, 7, 2, 4, 13, 9]
1556.5,4,[4, 4, 5, 18, 5, 22, 14, 18, 2, 5, 5, 5, 9, 4, 4, 6, 3, 3, 14]
1564.5,5,[6, 5, 2, 3, 12, 3, 5, 7, 13, 10, 2, 4, 4, 6, 2, 9, 5, 5, 13]
1531.5,6,[5, 6, 6, 6, 12, 11, 4, 11, 4, 10, 8, 10, 7, 6, 12, 4, 4, 12, 6]
1559.0,7,[7, 5, 9, 7, 17, 2, 4, 4, 3, 6, 3, 9, 3, 4, 4, 16, 14, 6, 7]
1566.5,8,[5, 3, 12, 10, 7, 3, 5, 5, 9, 16, 7, 4, 1, 4, 5, 4, 4, 3, 7]
1552.0,9,[7, 10, 8, 5, 5, 6, 1, 6, 4, 6, 12, 8, 6, 8, 3, 5, 6, 4, 5]
1566.0,10,[1, 4, 3, 2, 10, 13, 6, 15, 5, 8, 10, 3, 4, 19, 10, 3, 3, 12, 9]
1539.5,11,[10, 7, 2, 6, 8, 8, 9, 10, 6, 5, 3, 5, 7, 10, 7, 6, 3, 12, 5]
1563.0,12,[8, 8, 13, 19, 3, 8, 7, 9, 5, 7, 8, 7, 6, 4, 6, 4, 12, 5, 14]
1547.5,13,[4, 6, 3, 4, 19, 9, 4, 8, 2, 9, 10, 10, 7, 2, 6, 6, 3, 7, 7]
1565.5,14,[6, 8, 9, 5, 4, 5, 13, 7, 1, 3, 3, 4, 4, 12, 1, 6, 3, 3, 18]
1562.0,15,[17, 4, 4, 6, 14, 6, 7, 10, 7, 6, 6, 2, 5, 8, 4, 3, 7, 9, 8]
1561.0,16,[15, 8, 9, 5, 6, 3, 5, 13, 4, 7, 5, 3, 5, 12, 5, 4, 7, 17, 3]
1523.5,17,[13, 3, 7, 3, 3, 9, 12, 8, 8, 2, 8, 20, 4, 16, 1, 7, 2, 5, 3]
1563.0,18,[3, 17, 12, 7, 6, 5, 6, 16, 5, 1, 9, 5, 4, 6, 10, 1, 1, 4, 6]
1550.5,19,[1, 5, 3, 3, 9, 12, 4, 10, 9, 5, 10, 11, 8, 7, 8, 2, 4, 12, 4]
1798.5,0,[9, 12, 10, 7, 5, 4, 16, 4, 5, 4, 8, 4, 5, 7, 3, 7, 9, 12, 9]
1780.0,1,[8, 5, 10, 2, 3, 5, 9, 5, 12, 6, 3, 11, 7, 7, 11, 7, 6, 9, 7]
1801.0,2,[5, 3, 7, 3, 16, 10, 3, 6, 8, 6, 10, 4, 7, 6, 7, 18, 10, 10, 4]
1801.5,3,[7, 9, 11, 9, 5, 8, 8, 8, 5, 15, 5, 1, 18, 6, 8, 6, 5, 11, 4]
1797.0,4,[11, 11, 2, 7, 15, 3, 9, 8, 6, 3, 10, 20, 7, 5, 10, 11, 5, 10, 4]
1785.5,5,[6, 8, 6, 10, 10, 9, 7, 14, 6, 8, 6, 4, 2, 10, 2, 10, 8, 2, 7]
1785.5,6,[7, 5, 10, 21, 5, 4, 11, 3, 9, 11, 6, 4, 9, 6, 7, 2, 3, 8, 8]
1790.0,7,[19, 7, 4, 7, 5, 12, 5, 9, 5, 4, 9, 5, 3, 5, 9, 3, 6, 11, 10]
1792.0,8,[8, 8, 7, 14, 17, 15, 8, 12, 4, 6, 10, 6, 5, 11, 7, 6, 6, 4, 9]
1796.0,9,[11, 5, 6, 10, 6, 10, 4, 8, 7, 13, 1, 13, 3, 7, 17, 6, 7, 5, 10]
1769.0,10,[7, 7, 15, 14, 5, 6, 4, 8, 9, 6, 12, 18, 8, 7, 4, 16, 7, 4, 15]
1787.5,11,[9, 20, 8, 11, 3, 7, 9, 9, 7, 2, 5, 8, 7, 9, 12, 8, 6, 9, 6]
1793.5,12,[10, 2, 4, 7, 6, 5, 6, 15, 6, 9, 6, 7, 4, 6, 4, 4, 8, 4, 6]
1803.0,13,[5, 14, 4, 10, 5, 6, 5, 6, 15, 5, 6, 7, 4, 11, 13, 6, 1, 4, 13]
1792.5,14,[8, 8, 12, 6, 2, 9, 12, 11, 2, 5, 5, 10, 5, 3, 6, 4, 13, 11, 3]
1801.0,15,[10, 10, 4, 3, 12, 8, 8, 9, 20, 4, 15, 16, 13, 3, 9, 14, 5, 6, 3]
1769.0,16,[5, 4, 9, 6, 2, 9, 4, 4, 4, 4, 7, 15, 6, 4, 3, 7, 5, 5, 6]
1783.5,17,[6, 12, 4, 13, 8, 10, 10, 7, 6, 4, 5, 5, 4, 32, 11, 15, 11, 10, 4]
1774.0,18,[5, 3, 6, 8, 4, 5, 7, 6, 4, 3, 16, 10, 4, 11, 7, 12, 18, 12, 13]
1764.0,19,[7, 7, 3, 6, 7, 3, 7, 22, 5, 7, 8, 5, 9, 6, 5, 6, 3, 3, 5]
1727.0,0,[25, 10, 4, 10, 6, 5, 2, 5, 7, 2, 10, 11, 4, 10, 22, 8, 9, 9, 13]
1743.0,1,[1, 11, 4, 14, 4, 4, 5, 8, 6, 8, 7, 9, 6, 7, 12, 6, 9, 9, 18]
1688.5,2,[9, 16, 8, 6, 3, 11, 8, 6, 6, 6, 6, 4, 6, 7, 8, 7, 1, 5, 7]
1735.5,3,[6, 9, 8, 14, 7, 4, 3, 4, 2, 1, 9, 6, 10, 2, 9, 2, 4, 6, 13]
1727.5,4,[4, 8, 12, 8, 3, 3, 3, 6, 8, 2, 15, 8, 6, 5, 7, 6, 6, 1, 4]
1738.0,5,[7, 3, 16, 13, 3, 7, 6, 7, 7, 20, 7, 10, 7, 5, 12, 6, 15, 7, 7]
1742.0,6,[10, 10, 20, 8, 5, 16, 5, 16, 3, 9, 2, 14, 10, 2, 2, 6, 9, 9, 8]
1724.5,7,[5, 11, 3, 17, 10, 5, 15, 5, 3, 22, 16, 4, 7, 8, 12, 3, 2, 6, 2]
1741.5,8,[7, 6, 3, 7, 8, 3, 9, 9, 12, 7, 12, 2, 4, 5, 2, 16, 4, 9, 2]
1724.5,9,[6, 5, 13, 2, 7, 9, 1, 14, 7, 5, 7, 9, 7, 5, 5, 23, 6, 7, 3]
1737.0,10,[5, 4, 9, 7, 6, 5, 11, 3, 5, 4, 9, 5, 11, 17, 1, 12, 8, 4, 9]
1731.5,11,[5, 12, 3, 1, 10, 12, 3, 4, 5, 11, 17, 9, 4, 14, 5, 15, 10, 7, 10]
1739.0,12,[10, 7, 5, 4, 18, 8, 8, 11, 6, 1, 4, 5, 8, 10, 6, 5, 4, 2, 9]
1739.5,13,[4, 6, 9, 3, 14, 6, 6, 14, 3, 5, 7, 7, 8, 8, 6, 7, 3, 12, 9]
1707.5,14,[8, 13, 7, 4, 9, 16, 6, 8, 6, 26, 2, 4, 11, 4, 2, 13, 8, 6, 14]
1723.5,15,[7, 6, 6, 8, 16, 9, 8, 13, 11, 4, 8, 5, 9, 5, 6, 4, 9, 8, 6]
1734.5,16,[6, 3, 4, 4, 11, 12, 7, 6, 12, 10, 7, 11, 2, 10, 3, 3, 6, 9, 11]
1743.5,17,[9, 8, 11, 10, 10, 6, 17, 16, 5, 2, 3, 5, 1, 5, 8, 7, 4, 10, 5]
1736.0,18,[7, 3, 9, 7, 6, 6, 6, 7, 14, 15, 3, 4, 6, 6, 4, 6, 7, 3, 6]
1720.5,19,[20, 4, 6, 4, 6, 3, 14, 6, 20, 7, 10, 4, 7, 3, 3, 9, 5, 3, 6]
2349.5,0,[16, 8, 7, 12, 10, 13, 9, 17, 17, 3, 9, 23, 5, 6, 8, 8, 6, 9, 12]
2351.5,1,[7, 5, 9, 6, 4, 12, 4, 15, 9, 10, 20, 16, 5, 9, 9, 12, 12, 10, 11]
2354.0,2,[15, 9, 18, 6, 4, 13, 5, 7, 6, 10, 8, 14, 5, 13, 7, 18, 10, 12, 16]
2346.0,3,[20, 5, 33, 12, 18, 18, 4, 6, 13, 11, 14, 11, 3, 15, 16, 10, 8, 14, 10]
2359.5,4,[7, 20, 4, 11, 1, 10, 23, 23, 8, 15, 7, 18, 7, 10, 9, 12, 15, 10, 7]
2354.0,5,[8, 14, 5, 7, 11, 10, 10, 14, 7, 12, 3, 7, 11, 10, 15, 14, 19, 11, 12]
2317.5,6,[5, 11, 15, 8, 7, 8, 24, 8, 8, 18, 11, 9, 7, 10, 9, 8, 11, 8, 21]
2322.0,7,[14, 12, 4, 5, 11, 5, 9, 11, 10, 14, 12, 14, 6, 15, 15, 14, 11, 11, 5]
2351.0,8,[4, 15, 12, 11, 11, 11, 9, 8, 12, 16, 3, 9, 4, 21, 4, 9, 7, 6, 21]
2353.0,9,[19, 8, 3, 16, 17, 7, 7, 13, 9, 4, 11, 9, 13, 16, 9, 6, 14, 9, 10]
2355.5,10,[15, 25, 6, 4, 13, 6, 9, 11, 6, 10, 9, 11, 12, 17, 8, 6, 12, 6, 7]
2282.5,11,[9, 3, 14, 12, 11, 15, 5, 13, 11, 6, 13, 15, 7, 5, 8, 11, 10, 7, 6]
2322.5,12,[14, 17, 15, 17, 9, 5, 17, 10, 2, 11, 3, 15, 7, 9, 10, 12, 17, 11, 7]
2345.5,13,[12, 15, 9, 11, 10, 6, 10, 4, 9, 9, 10, 7, 5, 7, 6, 10, 10, 12, 20]
2358.0,14,[7, 6, 7, 18, 8, 10, 8, 6, 6, 10, 10, 7, 9, 18, 16, 6, 3, 7, 10]
2355.5,15,[8, 7, 10, 9, 12, 4, 9, 12, 11, 4, 3, 12, 10, 9, 13, 11, 6, 6, 10]
2335.5,16,[8, 9, 12, 7, 14, 5, 24, 16, 7, 10, 7, 5, 18, 7, 5, 8, 15, 8, 6]
2359.5,17,[15, 12, 17, 12, 7, 18, 16, 3, 3, 24, 12, 5, 5, 11, 16, 12, 13, 4, 7]
2315.0,18,[3, 13, 12, 7, 10, 9, 21, 10, 6, 13, 3, 10, 7, 8, 11, 4, 19, 12, 15]
2355.0,19,[11, 10, 2, 9, 8, 16, 7, 7, 14, 9, 11, 11, 7, 7, 5, 23, 16, 7, 12]
1779.5,0,[6, 12, 5, 2, 6, 3, 6, 14, 8, 5, 4, 6, 5, 10, 11, 9, 5, 4, 13]
1791.5,1,[6, 10, 6, 18, 13, 6, 13, 1, 10, 13, 7, 12, 10, 10, 13, 12, 5, 6, 5]
1773.5,2,[10, 7, 14, 7, 5, 3, 8, 4, 6, 8, 13, 2, 7, 10, 6, 10, 5, 4, 6]
1786.0,3,[8, 8, 9, 13, 20, 13, 4, 5, 4, 8, 6, 12, 11, 8, 7, 5, 11, 6, 5]
1773.5,4,[9, 9, 10, 2, 14, 7, 8, 8, 23, 6, 2, 8, 5, 9, 12, 4, 4, 5, 4]
1766.0,5,[5, 6, 12, 9, 5, 12, 15, 5, 4, 3, 10, 13, 13, 5, 5, 5, 3, 9, 11]
1795.5,6,[6, 21, 11, 6, 10, 10, 7, 8, 9, 14, 2, 7, 15, 6, 5, 9, 6, 1, 6]
1793.5,7,[7, 4, 9, 3, 11, 5, 7, 7, 4, 14, 8, 4, 4, 14, 12, 8, 6, 3, 12]
1788.5,8,[10, 10, 13, 10, 4, 9, 9, 10, 7, 4, 7, 7, 17, 6, 6, 5, 8, 5, 4]
1793.0,9,[9, 9, 6, 12, 5, 8, 8, 9, 14, 11, 6, 7, 11, 2, 9, 11, 7, 9, 14]
1794.5,10,[9, 14, 8, 10, 6, 10, 10, 4, 18, 5, 10, 12, 13, 12, 13, 15, 4, 13, 13]
1789.0,11,[5, 4, 12, 8, 13, 10, 5, 3, 11, 3, 8, 6, 5, 19, 5, 8, 16, 13, 7]
1728.5,12,[16, 6, 14, 4, 4, 5, 5, 6, 15, 1, 14, 6, 9, 4, 4, 3, 8, 8, 2]
1795.0,13,[12, 4, 4, 5, 4, 6, 5, 6, 10, 3, 24, 10, 9, 8, 8, 11, 5, 6, 7]
1778.0,14,[6, 6, 7, 4, 1, 8, 9, 7, 12, 16, 8, 1, 14, 9, 3, 11, 5, 8, 13]
1771.0,15,[11, 8, 8, 7, 5, 5, 7, 3, 7, 6, 4, 12, 13, 8, 3, 8, 7, 8, 10]
1781.5,16,[31, 4, 3, 4, 6, 7, 3, 17, 6, 4, 5, 15, 6, 9, 2, 7, 8, 7, 3]
1795.5,17,[7, 8, 8, 5, 16, 11, 8, 10, 7, 15, 4, 6, 3, 4, 18, 7, 9, 6, 11]
1794.0,18,[7, 2, 3, 12, 7, 23, 9, 7, 13, 3, 4, 5, 6, 6, 6, 5, 10, 11, 2]
1782.5,19,[2, 5, 10, 5, 4, 6, 8, 5, 8, 8, 4, 2, 8, 10, 10, 26, 16, 13, 4]
2015.0,0,[13, 9, 7, 15, 4, 7, 4, 10, 7, 17, 6, 11, 6, 15, 7, 11, 3, 8, 28]
2011.5,1,[14, 11, 12, 21, 4, 10, 10, 6, 4, 13, 8, 4, 2, 4, 3, 16, 12, 9, 10]
2004.5,2,[11, 15, 8, 9, 21, 5, 15, 12, 25, 8, 4, 6, 6, 6, 14, 8, 14, 3, 5]
1993.5,3,[2, 9, 2, 8, 14, 7, 10, 4, 5, 7, 5, 7, 23, 7, 4, 5, 8, 9, 9]
2024.0,4,[3, 14, 5, 12, 8, 9, 8, 5, 4, 13, 2, 16, 6, 14, 8, 8, 7, 5, 24]
1991.0,5,[16, 5, 10, 6, 6, 6, 13, 9, 12, 7, 4, 9, 11, 5, 6, 4, 11, 17, 5]
1991.0,6,[10, 12, 2, 9, 8, 7, 10, 5, 10, 2, 15, 3, 9, 9, 13, 15, 5, 3, 5]
2010.5,7,[2, 9, 17, 6, 5, 8, 4, 13, 6, 6, 3, 13, 8, 8, 11, 14, 8, 9, 13]
2021.0,8,[20, 13, 16, 6, 8, 4, 9, 6, 6, 9, 7, 11, 5, 9, 10, 11, 3, 4, 2]
2014.5,9,[12, 9, 20, 8, 5, 14, 10, 4, 9, 2, 19, 7, 6, 6, 10, 8, 13, 11, 7]
2026.0,10,[15, 13, 24, 6, 5, 20, 9, 5, 5, 9, 4, 7, 6, 5, 2, 7, 13, 2, 7]
2019.5,11,[2, 14, 17, 7, 6, 5, 6, 10, 11, 5, 1, 8, 11, 5, 11, 5, 12, 4, 13]
1900.0,12,[8, 5, 5, 6, 8, 8, 10, 6, 5, 4, 2, 11, 5, 8, 7, 12, 6, 8, 14]
2027.0,13,[5, 8, 5, 10, 6, 5, 8, 12, 12, 10, 12, 21, 5, 14, 5, 5, 9, 6, 7]
2029.0,14,[20, 4, 1, 7, 13, 8, 7, 5, 9, 5, 4, 8, 8, 11, 12, 11, 10, 16, 13]
2017.0,15,[8, 9, 10, 4, 10, 12, 9, 8, 6, 7, 24, 18, 7, 4, 6, 6, 8, 11, 7]
2029.0,16,[4, 5, 8, 13, 11, 18, 9, 28, 13, 6, 5, 7, 6, 9, 5, 6, 9, 12, 14]
2021.5,17,[8, 8, 11, 11, 5, 11, 10, 17, 6, 4, 8, 15, 2, 5, 9, 2, 5, 11, 6]
2020.5,18,[18, 6, 12, 13, 8, 9, 1, 6, 5, 21, 19, 9, 7, 4, 10, 15, 25, 4, 5]
2012.0,19,[13, 5, 15, 7, 10, 9, 19, 5, 14, 11, 7, 12, 6, 10, 10, 6, 2, 8, 6]
2076.5,0,[12, 16, 8, 7, 12, 5, 3, 6, 11, 10, 8, 7, 4, 9, 8, 8, 7, 16, 12]
2139.0,1,[9, 11, 17, 9, 11, 13, 3, 16, 10, 9, 8, 16, 15, 10, 19, 12, 4, 6, 5]
2128.5,2,[8, 5, 20, 11, 13, 5, 8, 9, 12, 13, 8, 7, 14, 6, 15, 19, 14, 6, 11]
2137.5,3,[9, 5, 12, 5, 8, 7, 14, 8, 8, 4, 4, 11, 5, 9, 7, 21, 12, 3, 9]
2138.0,4,[5, 17, 6, 6, 5, 11, 10, 14, 8, 15, 13, 9, 4, 4, 5, 5, 7, 6, 5]
2121.5,5,[10, 11, 2, 10, 10, 3, 7, 10, 8, 24, 10, 9, 7, 4, 8, 5, 20, 8, 10]
2146.0,6,[2, 11, 10, 19, 12, 10, 8, 13, 8, 9, 9, 7, 6, 7, 10, 8, 11, 9, 9]
2148.0,7,[8, 9, 11, 8, 17, 17, 9, 17, 9, 1, 5, 4, 14, 8, 18, 11, 12, 9, 8]
2122.5,8,[6, 6, 12, 14, 11, 11, 15, 9, 10, 8, 6, 9, 11, 4, 6, 5, 7, 7, 15]
2138.0,9,[13, 7, 13, 14, 6, 18, 14, 10, 5, 8, 6, 9, 11, 8, 9, 10, 6, 5, 24]
2130.0,10,[6, 9, 5, 9, 7, 29, 5, 3, 15, 8, 12, 6, 6, 7, 8, 12, 4, 4, 3]
2147.5,11,[14, 3, 3, 8, 11, 10, 8, 13, 12, 13, 14, 9, 5, 8, 10, 6, 2, 7, 5]
2132.0,12,[9, 8, 2, 11, 10, 11, 7, 7, 22, 10, 11, 10, 14, 8, 3, 11, 8, 9, 10]
2141.0,13,[7, 9, 15, 8, 4, 12, 4, 23, 7, 5, 4, 6, 11, 7, 4, 12, 9, 6, 3]
2147.5,14,[11, 5, 3, 13, 24, 6, 7, 6, 4, 5, 5, 16, 8, 8, 4, 13, 9, 9, 5]
2137.5,15,[22, 16, 7, 7, 7, 16, 9, 16, 4, 8, 6, 4, 8, 7, 4, 10, 12, 3, 6]
2125.0,16,[6, 7, 6, 9, 5, 14, 11, 15, 22, 11, 9, 4, 12, 4, 8, 13, 9, 9, 15]
2144.0,17,[10, 2, 6, 12, 8, 16, 12, 11, 5, 8, 6, 5, 9, 5, 14, 14, 12, 11, 9]
2146.5,18,[4, 15, 11, 22, 8, 9, 9, 4, 6, 12, 6, 14, 9, 9, 16, 11, 4, 10, 8]
2145.0,19,[11, 6, 9, 8, 6, 5, 4, 7, 7, 6, 4, 10, 9, 15, 11, 7, 3, 9, 9]
2381.0,0,[5, 7, 9, 5, 4, 7, 16, 6, 9, 20, 9, 8, 12, 18, 6, 5, 13, 17, 12]
2401.0,1,[4, 15, 10, 12, 13, 8, 7, 14, 7, 5, 12, 23, 24, 6, 18, 18, 14, 9, 7]
2382.5,2,[11, 5, 14, 6, 6, 5, 13, 10, 2, 6, 8, 9, 6, 6, 9, 7, 10, 6, 5]
2394.0,3,[18, 13, 12, 19, 13, 12, 6, 10, 17, 11, 8, 3, 12, 11, 14, 4, 8, 7, 4]
2401.5,4,[8, 10, 7, 14, 9, 8, 16, 14, 11, 8, 9, 10, 4, 10, 3, 10, 15, 1, 11]
2384.0,5,[10, 15, 9, 15, 24, 17, 19, 12, 6, 8, 6, 10, 9, 6, 11, 10, 6, 14, 8]
2386.0,6,[9, 2, 13, 7, 11, 22, 15, 12, 6, 9, 4, 9, 5, 9, 3, 14, 4, 18, 9]
2396.5,7,[13, 5, 11, 4, 5, 10, 19, 15, 6, 14, 17, 8, 23, 7, 6, 8, 7, 25, 12]
2366.0,8,[10, 14, 9, 3, 8, 11, 13, 11, 12, 10, 12, 6, 15, 6, 6, 15, 14, 10, 10]
2400.0,9,[5, 10, 9, 3, 8, 7, 8, 6, 18, 10, 13, 9, 7, 15, 5, 5, 6, 6, 5]
2359.5,10,[23, 2, 17, 14, 13, 4, 7, 11, 11, 12, 7, 7, 9, 11, 14, 10, 7, 9, 10]
2401.0,11,[9, 14, 20, 11, 9, 13, 8, 9, 7, 5, 17, 4, 10, 15, 17, 15, 12, 4, 9]
2385.0,12,[13, 11, 9, 7, 14, 9, 22, 16, 7, 18, 11, 7, 12, 15, 7, 9, 5, 4, 8]
2376.0,13,[16, 7, 20, 4, 23, 15, 18, 8, 9, 14, 20, 9, 14, 5, 7, 18, 4, 15, 10]
2391.5,14,[13, 11, 15, 8, 10, 15, 14, 8, 16, 9, 4, 9, 17, 19, 2, 7, 6, 8, 19]
2358.5,15,[5, 12, 12, 6, 12, 3, 12, 6, 14, 7, 17, 8, 8, 7, 9, 11, 4, 5, 7]
2397.5,16,[8, 12, 10, 8, 10, 12, 4, 15, 8, 15, 11, 13, 3, 17, 16, 18, 12, 9, 12]
2332.0,17,[7, 10, 13, 13, 4, 3, 14, 10, 11, 12, 13, 10, 12, 9, 9, 13, 3, 14, 8]
2397.5,18,[13, 8, 15, 7, 4, 26, 19, 9, 16, 10, 6, 17, 12, 11, 9, 8, 11, 4, 12]
2358.0,19,[11, 10, 10, 16, 5, 12, 9, 11, 10, 11, 6, 13, 5, 19, 7, 14, 15, 10, 14]
1752.0,0,[2, 5, 7, 7, 6, 5, 7, 8, 13, 7, 6, 10, 2, 11, 11, 7, 5, 8, 15]
1706.0,1,[5, 7, 11, 4, 14, 7, 2, 7, 6, 5, 6, 2, 17, 13, 4, 4, 6, 4, 7]
1746.5,2,[10, 25, 8, 4, 10, 6, 10, 11, 6, 4, 9, 13, 5, 11, 7, 6, 12, 9, 1]
1752.5,3,[4, 15, 5, 8, 4, 6, 14, 9, 7, 4, 4, 5, 5, 7, 5, 11, 3, 14, 14]
1733.0,4,[13, 6, 8, 3, 6, 5, 10, 5, 4, 8, 6, 4, 6, 10, 12, 14, 7, 11, 21]
1743.5,5,[3, 4, 10, 15, 7, 5, 6, 11, 15, 2, 7, 7, 15, 17, 5, 12, 6, 21, 13]
1690.5,6,[8, 14, 8, 6, 4, 5, 7, 13, 8, 16, 11, 12, 8, 3, 5, 7, 5, 8, 6]
1747.0,7,[7, 6, 6, 9, 15, 9, 8, 3, 4, 15, 12, 5, 5, 7, 6, 9, 22, 5, 3]
1748.0,8,[5, 11, 8, 7, 6, 3, 9, 6, 8, 5, 4, 11, 5, 6, 6, 11, 10, 14, 10]
1740.5,9,[14, 12, 9, 3, 5, 6, 12, 4, 7, 9, 6, 12, 3, 6, 11, 7, 4, 1, 3]
1743.0,10,[5, 6, 5, 12, 8, 18, 3, 11, 14, 6, 4, 3, 6, 3, 12, 9, 7, 5, 19]
1741.5,11,[8, 7, 10, 6, 9, 3, 4, 9, 11, 12, 6, 5, 6, 3, 15, 12, 6, 3, 10]
1744.5,12,[11, 11, 12, 12, 16, 3, 3, 10, 5, 13, 9, 12, 3, 15, 8, 4, 15, 8, 14]
1738.0,13,[10, 2, 9, 3, 9, 9, 9, 6, 7, 3, 5, 5, 13, 6, 14, 8, 10, 4, 4]
1754.0,14,[6, 7, 14, 11, 10, 4, 4, 6, 4, 7, 10, 5, 8, 6, 6, 9, 6, 5, 1]
1746.5,15,[9, 2, 2, 6, 10, 10, 13, 11, 5, 7, 7, 18, 6, 3, 8, 3, 5, 3, 13]
1751.0,16,[2, 1, 10, 6, 6, 3, 5, 9, 11, 11, 7, 7, 3, 6, 5, 5, 2, 7, 7]
1728.5,17,[9, 9, 22, 7, 10, 5, 5, 5, 5, 6, 5, 8, 9, 13, 10, 4, 7, 6, 3]
1687.0,18,[9, 5, 4, 15, 10, 9, 8, 5, 9, 7, 6, 6, 20, 4, 6, 11, 9, 3, 6]
1724.5,19,[4, 7, 5, 14, 6, 13, 7, 7, 4, 7, 10, 8, 6, 5, 7, 5, 11, 13, 8]
2297.5,0,[7, 14, 15, 5, 11, 13, 20, 10, 10, 8, 15, 14, 13, 14, 13, 12, 15, 6, 7]
2322.5,1,[11, 6, 8, 20, 12, 13, 7, 22, 9, 3, 12, 11, 8, 7, 11, 2, 7, 6, 10]
2327.5,2,[5, 8, 11, 7, 14, 19, 8, 12, 5, 7, 7, 9, 13, 4, 4, 11, 10, 14, 6]
2309.0,3,[18, 4, 7, 5, 17, 11, 17, 16, 9, 11, 9, 12, 4, 9, 4, 8, 5, 11, 4]
2323.0,4,[14, 17, 12, 3, 7, 16, 6, 14, 11, 8, 14, 11, 4, 8, 12, 8, 14, 7, 14]
2328.5,5,[8, 7, 7, 10, 13, 13, 15, 6, 4, 19, 5, 16, 7, 10, 13, 15, 12, 13, 5]
2321.5,6,[26, 8, 14, 8, 8, 11, 8, 15, 9, 4, 5, 2, 14, 15, 11, 5, 6, 9, 25]
2324.0,7,[11, 9, 7, 7, 5, 8, 4, 12, 16, 16, 13, 6, 4, 6, 16, 5, 11, 15, 6]
2319.5,8,[12, 12, 11, 22, 9, 10, 7, 8, 9, 14, 9, 5, 7, 11, 11, 9, 9, 17, 6]
2321.5,9,[17, 12, 7, 13, 9, 15, 4, 6, 7, 12, 9, 10, 11, 9, 4, 16, 9, 4, 12]
2311.0,10,[23, 10, 4, 12, 10, 5, 12, 8, 24, 9, 16, 9, 6, 14, 8, 18, 21, 9, 6]
2258.5,11,[6, 8, 12, 6, 14, 12, 15, 7, 6, 9, 16, 5, 5, 7, 3, 11, 6, 6, 13]
2305.0,12,[22, 15, 9, 14, 6, 6, 8, 13, 5, 10, 3, 11, 5, 11, 2, 13, 13, 6, 11]
2329.5,13,[9, 7, 16, 14, 11, 12, 9, 3, 4, 12, 8, 9, 7, 7, 12, 6, 20, 4, 10]
2323.0,14,[7, 9, 11, 14, 9, 13, 6, 10, 3, 5, 7, 14, 8, 8, 17, 22, 8, 10, 6]
2330.0,15,[9, 1, 6, 6, 17, 11, 4, 12, 4, 6, 4, 14, 10, 9, 15, 3, 5, 14, 5]
2329.5,16,[7, 2, 15, 2, 8, 10, 12, 4, 14, 16, 28, 6, 21, 13, 7, 3, 6, 11, 24]
2329.0,17,[21, 10, 5, 9, 8, 14, 17, 19, 8, 7, 17, 5, 11, 15, 9, 6, 7, 20, 2]
2322.5,18,[5, 4, 15, 15, 12, 31, 5, 7, 9, 12, 8, 11, 29, 15, 11, 14, 7, 9, 7]
2315.5,19,[8, 17, 9, 8, 16, 7, 13, 8, 10, 7, 8, 8, 6, 6, 15, 10, 4, 3, 8]
2181.0,0,[11, 16, 8, 8, 13, 11, 6, 11, 6, 8, 3, 7, 14, 7, 10, 8, 5, 19, 7]
2173.0,1,[8, 12, 14, 7, 9, 7, 12, 17, 8, 6, 19, 10, 4, 5, 3, 3, 16, 6, 8]
2186.0,2,[7, 4, 8, 5, 4, 11, 7, 22, 21, 5, 9, 9, 13, 7, 16, 3, 8, 6, 13]
2184.0,3,[14, 11, 3, 4, 15, 15, 26, 16, 10, 7, 9, 16, 9, 6, 11, 11, 2, 9, 21]
2183.5,4,[6, 16, 17, 8, 7, 3, 4, 6, 17, 8, 10, 8, 11, 16, 11, 9, 24, 7, 10]
2167.0,5,[5, 10, 17, 11, 7, 7, 13, 5, 20, 1, 3, 5, 1, 12, 13, 20, 9, 12, 5]
2184.5,6,[6, 8, 8, 5, 8, 7, 13, 6, 6, 4, 20, 8, 11, 12, 9, 10, 8, 16, 11]
2175.5,7,[9, 20, 12, 8, 10, 7, 8, 11, 4, 10, 10, 6, 10, 8, 9, 16, 18, 5, 10]
2182.5,8,[5, 14, 12, 7, 18, 7, 10, 18, 7, 5, 7, 7, 8, 6, 5, 11, 10, 7, 7]
2180.5,9,[14, 7, 13, 9, 17, 8, 11, 10, 5, 11, 6, 7, 5, 13, 9, 11, 6, 8, 6]
2175.0,10,[10, 11, 10, 12, 4, 13, 13, 5, 16, 2, 8, 7, 9, 4, 13, 8, 7, 11, 4]
2170.0,11,[5, 7, 11, 11, 8, 8, 13, 8, 21, 12, 9, 16, 16, 10, 23, 7, 15, 9, 11]
2182.5,12,[6, 6, 5, 7, 9, 11, 15, 6, 6, 12, 12, 5, 3, 10, 5, 15, 1, 4, 10]
2182.5,13,[9, 10, 15, 7, 8, 1, 15, 10, 2, 20, 13, 3, 9, 11, 7, 5, 5, 3, 5]
2175.5,14,[11, 9, 24, 23, 8, 7, 6, 5, 17, 10, 6, 5, 9, 26, 8, 11, 9, 6, 9]
2186.0,15,[13, 13, 6, 9, 6, 11, 5, 12, 15, 9, 8, 17, 10, 10, 5, 7, 9, 8, 10]
2154.0,16,[15, 6, 6, 9, 9, 12, 4, 12, 5, 4, 6, 14, 13, 7, 5, 9, 5, 13, 9]
2186.0,17,[7, 9, 4, 10, 17, 10, 1, 7, 7, 9, 8, 8, 8, 10, 8, 15, 4, 12, 9]
2180.5,18,[10, 10, 4, 8, 24, 6, 13, 10, 9, 8, 10, 10, 6, 8, 5, 8, 15, 16, 5]
2143.0,19,[6, 18, 6, 14, 5, 8, 11, 6, 11, 7, 13, 5, 7, 9, 5, 6, 12, 5, 8]
2049.0,0,[14, 2, 2, 6, 18, 11, 7, 13, 10, 6, 6, 3, 11, 7, 9, 4, 7, 13, 7]
2057.0,1,[6, 6, 12, 14, 12, 10, 8, 7, 17, 8, 2, 11, 4, 9, 5, 6, 12, 6, 5]
2046.5,2,[12, 20, 9, 8, 20, 11, 6, 4, 11, 4, 6, 7, 6, 10, 5, 5, 6, 9, 9]
2044.5,3,[7, 8, 8, 6, 24, 4, 13, 4, 6, 12, 4, 13, 12, 13, 4, 21, 12, 5, 10]
2057.0,4,[7, 11, 6, 9, 8, 3, 5, 11, 17, 10, 6, 4, 18, 7, 13, 3, 11, 16, 9]
2056.5,5,[12, 13, 9, 5, 7, 16, 4, 11, 12, 7, 8, 10, 17, 12, 5, 18, 13, 10, 9]
2040.0,6,[12, 12, 9, 3, 12, 5, 11, 3, 7, 11, 3, 7, 9, 13, 10, 5, 3, 3, 11]
2052.0,7,[4, 18, 7, 3, 9, 24, 6, 3, 5, 8, 4, 4, 11, 23, 12, 8, 18, 8, 6]
2062.5,8,[7, 12, 7, 8, 15, 5, 11, 7, 8, 8, 2, 4, 11, 13, 8, 7, 4, 5, 6]
2048.0,9,[10, 7, 7, 10, 15, 20, 3, 8, 11, 5, 14, 13, 13, 11, 6, 7, 8, 11, 5]
2054.0,10,[8, 22, 17, 7, 7, 3, 28, 9, 9, 6, 17, 11, 18, 7, 7, 9, 6, 11, 8]
2044.0,11,[16, 12, 8, 9, 6, 3, 13, 11, 7, 9, 5, 19, 6, 7, 4, 9, 12, 3, 16]
2062.5,12,[8, 10, 6, 12, 8, 11, 9, 4, 10, 5, 20, 9, 7, 2, 4, 6, 12, 7, 16]
2053.5,13,[6, 5, 4, 5, 6, 11, 9, 12, 7, 2, 15, 16, 7, 9, 7, 13, 8, 3, 5]
2028.0,14,[8, 15, 5, 8, 6, 2, 8, 10, 11, 8, 13, 9, 13, 10, 7, 4, 3, 9, 9]
2047.5,15,[5, 19, 10, 9, 13, 12, 7, 12, 9, 1, 9, 18, 7, 5, 10, 2, 10, 7, 13]
2051.5,16,[15, 5, 6, 14, 9, 5, 6, 8, 11, 11, 9, 8, 14, 12, 6, 15, 10, 5, 12]
2065.0,17,[8, 8, 12, 1, 10, 21, 7, 20, 10, 4, 7, 6, 16, 4, 7, 6, 6, 9, 9]
2025.0,18,[7, 4, 3, 6, 9, 12, 4, 7, 9, 13, 8, 3, 4, 10, 11, 1, 4, 5, 7]
2050.5,19,[13, 15, 10, 13, 7, 9, 12, 3, 6, 4, 8, 12, 5, 15, 10, 6, 6, 8, 7]
1866.5,0,[3, 12, 23, 10, 7, 5, 13, 8, 5, 10, 4, 11, 3, 10, 14, 6, 17, 11, 3]
1867.5,1,[22, 11, 8, 6, 12, 13, 15, 14, 6, 14, 8, 7, 8, 10, 10, 2, 6, 17, 3]
1869.0,2,[4, 13, 10, 11, 4, 8, 8, 8, 4, 7, 5, 9, 7, 5, 4, 10, 5, 8, 4]
1875.5,3,[13, 9, 8, 15, 12, 15, 6, 6, 7, 9, 3, 9, 11, 11, 7, 10, 2, 12, 4]
1877.5,4,[7, 6, 3, 10, 12, 3, 16, 12, 8, 7, 7, 8, 8, 9, 8, 3, 3, 6, 10]
1878.5,5,[10, 6, 7, 21, 10, 7, 11, 5, 13, 7, 7, 7, 7, 10, 4, 6, 5, 14, 3]
1876.0,6,[13, 10, 2, 7, 6, 7, 8, 8, 13, 1, 5, 7, 8, 3, 9, 7, 11, 8, 6]
1880.0,7,[6, 6, 7, 1, 8, 9, 10, 16, 2, 8, 8, 3, 5, 6, 7, 6, 5, 3, 6]
1874.0,8,[3, 5, 6, 4, 4, 9, 9, 9, 5, 4, 11, 12, 2, 13, 5, 10, 12, 2, 3]
1876.0,9,[10, 8, 6, 6, 5, 18, 7, 10, 5, 3, 3, 11, 21, 9, 7, 8, 8, 4, 9]
1845.0,10,[5, 4, 16, 11, 3, 7, 13, 7, 6, 3, 3, 6, 6, 7, 11, 8, 10, 15, 7]
1879.5,11,[9, 8, 8, 4, 7, 4, 21, 16, 6, 12, 10, 9, 11, 6, 8, 3, 7, 17, 8]
1878.0,12,[13, 6, 9, 9, 14, 5, 16, 7, 11, 6, 4, 3, 5, 7, 1, 10, 9, 6, 7]
1876.5,13,[3, 10, 10, 5, 7, 2, 5, 6, 13, 7, 4, 7, 9, 9, 2, 7, 7, 6, 19]
1866.5,14,[6, 8, 16, 6, 3, 5, 16, 11, 17, 5, 11, 9, 6, 13, 9, 4, 5, 10, 4]
1866.5,15,[7, 23, 5, 16, 9, 6, 3, 20, 15, 6, 20, 2, 1, 12, 7, 15, 7, 6, 6]
1874.0,16,[14, 8, 9, 5, 5, 7, 8, 12, 8, 4, 7, 5, 9, 8, 8, 6, 5, 6, 4]
1868.5,17,[2, 6, 5, 5, 1, 8, 3, 8, 8, 5, 4, 7, 9, 8, 12, 3, 5, 9, 4]
1874.5,18,[4, 8, 6, 7, 9, 9, 1, 9, 9, 6, 10, 9, 12, 8, 10, 9, 4, 10, 7]
1864.0,19,[5, 4, 7, 5, 9, 8, 4, 6, 5, 9, 6, 4, 6, 9, 7, 10, 4, 14, 8]
1810.5,0,[9, 14, 5, 4, 7, 7, 10, 4, 14, 8, 2, 14, 4, 8, 3, 3, 10, 3, 8]
1771.5,1,[7, 11, 15, 5, 6, 5, 5, 12, 6, 9, 10, 4, 7, 9, 11, 10, 7, 13, 1]
1781.0,2,[8, 7, 14, 8, 4, 16, 13, 6, 19, 9, 7, 8, 2, 3, 4, 5, 6, 10, 2]
1809.0,3,[4, 15, 2, 5, 6, 10, 13, 20, 2, 7, 9, 3, 10, 10, 1, 6, 2, 10, 11]
1796.0,4,[11, 5, 9, 11, 12, 6, 2, 11, 14, 7, 6, 8, 2, 17, 3, 7, 11, 5, 7]
1802.5,5,[7, 18, 9, 7, 7, 5, 5, 6, 4, 2, 5, 3, 7, 5, 17, 12, 6, 9, 7]
1808.5,6,[7, 3, 13, 2, 13, 2, 5, 6, 2, 9, 10, 2, 9, 9, 12, 7, 12, 7, 8]
1803.5,7,[7, 6, 4, 6, 4, 14, 6, 15, 6, 8, 11, 6, 7, 16, 5, 9, 7, 5, 3]
1811.5,8,[7, 6, 5, 8, 7, 15, 11, 11, 6, 3, 5, 7, 4, 4, 6, 3, 1, 5, 2]
1806.0,9,[11, 6, 15, 6, 14, 5, 6, 17, 6, 6, 3, 14, 12, 4, 10, 5, 7, 5, 5]
1796.0,10,[19, 2, 5, 5, 7, 11, 3, 17, 12, 4, 6, 11, 8, 17, 3, 7, 12, 5, 12]
1809.0,11,[2, 11, 9, 11, 10, 8, 12, 13, 3, 3, 6, 2, 12, 8, 10, 13, 13, 7, 12]
1789.5,12,[8, 10, 11, 4, 3, 4, 4, 8, 8, 7, 8, 5, 2, 2, 4, 10, 7, 5, 6]
1810.5,13,[6, 15, 3, 4, 7, 15, 4, 7, 12, 4, 5, 13, 4, 6, 11, 10, 8, 14, 11]
1792.0,14,[2, 14, 19, 13, 14, 10, 7, 5, 9, 7, 4, 10, 11, 8, 6, 1, 6, 13, 6]
1801.0,15,[7, 12, 6, 8, 6, 16, 2, 7, 5, 9, 6, 2, 9, 8, 3, 6, 6, 4, 7]
1811.0,16,[2, 10, 5, 3, 4, 8, 6, 5, 5, 10, 15, 5, 7, 5, 13, 6, 11, 13, 12]
1787.5,17,[7, 15, 17, 9, 4, 4, 10, 6, 12, 4, 3, 9, 10, 11, 6, 10, 14, 6, 8]
1806.0,18,[9, 10, 7, 5, 8, 6, 10, 5, 15, 5, 11, 4, 2, 12, 8, 13, 10, 10, 7]
1772.5,19,[7, 9, 5, 3, 10, 3, 5, 5, 6, 9, 6, 5, 10, 4, 8, 6, 11, 19, 6]
1758.0,0,[4, 6, 4, 11, 2, 7, 3, 7, 15, 6, 8, 9, 5, 5, 7, 4, 8, 8, 13]
1761.0,1,[8, 12, 10, 8, 3, 3, 4, 3, 6, 8, 6, 16, 10, 9, 5, 7, 5, 7, 5]
1765.0,2,[4, 15, 9, 5, 6, 8, 23, 21, 17, 9, 9, 3, 9, 8, 10, 8, 12, 6, 8]
1769.5,3,[6, 9, 4, 11, 12, 7, 10, 7, 11, 4, 10, 11, 11, 6, 11, 13, 8, 4, 8]
1769.0,4,[28, 12, 8, 8, 5, 4, 21, 11, 5, 11, 5, 4, 5, 4, 7, 8, 5, 6, 3]
1759.5,5,[9, 23, 7, 13, 6, 5, 2, 5, 6, 8, 11, 8, 11, 14, 5, 2, 4, 5, 6]
1742.0,6,[9, 8, 3, 12, 14, 7, 16, 7, 12, 8, 7, 4, 3, 7, 3, 9, 4, 7, 3]
1758.5,7,[7, 6, 8, 7, 11, 6, 11, 8, 2, 8, 17, 4, 9, 3, 16, 12, 18, 10, 9]
1766.5,8,[17, 9, 6, 6, 6, 7, 11, 2, 6, 10, 5, 4, 8, 2, 4, 12, 3, 6, 10]
1770.5,9,[9, 3, 3, 8, 5, 8, 12, 5, 8, 8, 5, 11, 6, 16, 5, 6, 3, 10, 4]
1768.5,10,[10, 5, 8, 4, 14, 6, 7, 4, 6, 3, 2, 8, 11, 6, 3, 3, 11, 11, 20]
1711.5,11,[9, 4, 13, 6, 3, 9, 10, 9, 7, 8, 12, 9, 13, 5, 14, 5, 9, 10, 2]
1756.0,12,[6, 5, 7, 7, 4, 2, 8, 8, 27, 7, 8, 4, 5, 7, 7, 7, 12, 7, 4]
1770.0,13,[3, 5, 14, 3, 9, 15, 9, 3, 4, 3, 2, 5, 7, 11, 14, 12, 6, 7, 6]
1771.5,14,[7, 5, 6, 8, 8, 7, 8, 2, 4, 5, 3, 1, 9, 3, 12, 8, 10, 11, 5]
1765.0,15,[5, 11, 9, 4, 4, 12, 5, 5, 12, 11, 8, 8, 11, 14, 4, 5, 11, 4, 5]
1769.5,16,[4, 2, 6, 2, 8, 5, 10, 7, 8, 5, 7, 3, 5, 1, 10, 5, 8, 11, 5]
1767.0,17,[9, 21, 7, 6, 1, 14, 6, 2, 7, 11, 17, 7, 3, 8, 8, 11, 3, 2, 11]
1760.0,18,[8, 3, 6, 7, 8, 6, 3, 5, 6, 19, 1, 5, 5, 9, 6, 4, 11, 4, 8]
1746.0,19,[4, 5, 9, 3, 3, 12, 8, 9, 9, 7, 3, 8, 5, 4, 9, 6, 8, 5, 23]
1615.5,0,[9, 5, 12, 6, 8, 5, 4, 8, 5, 6, 10, 8, 3, 15, 5, 9, 5, 4, 8]
1595.0,1,[5, 7, 7, 3, 7, 15, 2, 4, 3, 7, 2, 12, 12, 2, 10, 12, 5, 2, 7]
1613.5,2,[11, 10, 3, 3, 12, 8, 4, 9, 7, 12, 5, 3, 2, 3, 2, 3, 3, 3, 11]
1595.5,3,[18, 2, 2, 8, 3, 6, 14, 11, 4, 6, 14, 10, 3, 7, 9, 5, 4, 7, 4]
1605.0,4,[8, 8, 18, 4, 3, 6, 6, 5, 7, 5, 7, 7, 2, 7, 3, 4, 6, 19, 6]
1617.5,5,[3, 9, 6, 13, 6, 9, 8, 5, 5, 6, 6, 10, 10, 12, 2, 7, 9, 4, 7]
1616.5,6,[3, 6, 2, 4, 9, 17, 4, 6, 11, 8, 10, 9, 5, 6, 5, 16, 10, 6, 5]
1598.5,7,[8, 1, 3, 9, 3, 4, 10, 13, 4, 3, 5, 14, 4, 5, 9, 7, 8, 3, 13]
1585.0,8,[2, 10, 7, 15, 9, 14, 2, 7, 4, 4, 8, 6, 5, 2, 9, 9, 4, 8, 10]
1616.0,9,[6, 5, 6, 5, 5, 4, 5, 7, 9, 7, 6, 10, 9, 6, 12, 6, 6, 4, 3]
1605.5,10,[4, 7, 7, 9, 16, 11, 8, 4, 5, 9, 10, 8, 13, 6, 13, 10, 5, 5, 6]
1610.0,11,[5, 12, 4, 7, 3, 7, 3, 3, 14, 6, 4, 2, 8, 1, 5, 6, 5, 10, 6]
1605.0,12,[17, 7, 6, 6, 4, 10, 6, 7, 6, 5, 2, 6, 4, 4, 3, 7, 5, 5, 10]
1618.5,13,[8, 5, 3, 7, 1, 9, 7, 12, 3, 9, 10, 10, 2, 3, 6, 9, 12, 7, 10]
1578.0,14,[4, 4, 8, 6, 6, 4, 9, 8, 4, 5, 4, 10, 2, 7, 3, 3, 8, 6, 11]
1620.5,15,[6, 3, 6, 5, 14, 8, 2, 5, 7, 8, 3, 8, 8, 18, 1, 4, 5, 6, 19]
1594.5,16,[6, 4, 6, 7, 4, 8, 9, 7, 4, 3, 5, 9, 2, 3, 3, 5, 13, 1, 13]
1612.5,17,[10, 6, 9, 8, 3, 6, 3, 4, 10, 2, 9, 5, 6, 11, 8, 4, 12, 11, 7]
1613.5,18,[8, 11, 4, 4, 9, 9, 7, 5, 4, 6, 5, 9, 14, 7, 5, 9, 7, 11, 6]
1617.5,19,[10, 4, 7, 2, 8, 18, 7, 13, 11, 6, 8, 5, 4, 5, 1, 3, 16, 3, 14]
1820.0,0,[7, 8, 3, 11, 9, 12, 7, 11, 10, 8, 10, 6, 2, 8, 14, 13, 7, 4, 5]
1778.0,1,[7, 11, 7, 6, 12, 5, 3, 8, 2, 11, 15, 7, 7, 14, 8, 2, 6, 4, 5]
1821.0,2,[23, 4, 6, 3, 5, 4, 5, 9, 8, 4, 9, 5, 6, 11, 3, 6, 5, 3, 27]
1818.5,3,[10, 4, 7, 12, 16, 3, 7, 4, 13, 7, 7, 14, 23, 17, 8, 6, 9, 6, 8]
1816.5,4,[18, 8, 13, 8, 11, 5, 6, 11, 14, 12, 9, 6, 10, 7, 4, 6, 7, 4, 9]
1810.0,5,[16, 9, 3, 15, 4, 8, 3, 18, 9, 11, 4, 5, 11, 5, 6, 8, 6, 7, 12]
1816.5,6,[10, 13, 7, 6, 4, 6, 9, 11, 11, 11, 9, 6, 5, 14, 11, 10, 4, 22, 9]
1779.5,7,[7, 8, 5, 7, 9, 2, 6, 5, 5, 6, 17, 4, 5, 8, 3, 7, 11, 9, 6]
1822.5,8,[6, 1, 6, 2, 5, 6, 10, 6, 4, 6, 12, 2, 12, 5, 14, 10, 11, 2, 6]
1822.0,9,[3, 4, 13, 3, 10, 9, 6, 3, 4, 7, 6, 5, 4, 7, 3, 4, 6, 6, 7]
1817.5,10,[10, 12, 7, 5, 15, 10, 3, 11, 4, 12, 7, 7, 11, 7, 6, 11, 3, 11, 12]
1765.5,11,[13, 4, 16, 7, 10, 13, 15, 6, 4, 10, 5, 8, 9, 7, 1, 13, 9, 4, 9]
1814.5,12,[10, 8, 3, 8, 9, 14, 11, 8, 7, 3, 8, 16, 6, 5, 4, 6, 12, 4, 9]
1820.5,13,[6, 11, 12, 8, 3, 9, 15, 4, 9, 17, 6, 8, 11, 13, 6, 7, 12, 3, 10]
1819.0,14,[7, 6, 15, 8, 4, 4, 14, 8, 6, 3, 11, 3, 8, 4, 14, 4, 8, 5, 5]
1786.0,15,[6, 14, 6, 6, 10, 10, 14, 10, 12, 3, 4, 13, 5, 7, 6, 9, 8, 10, 13]
1817.0,16,[10, 9, 8, 12, 9, 10, 5, 3, 9, 7, 10, 4, 6, 3, 5, 9, 13, 6, 16]
1819.0,17,[4, 22, 4, 23, 16, 4, 7, 2, 8, 11, 7, 10, 7, 12, 10, 9, 2, 8, 9]
1811.0,18,[5, 4, 2, 12, 2, 2, 12, 10, 7, 6, 3, 6, 8, 7, 17, 11, 5, 6, 11]
1821.5,19,[1, 15, 6, 8, 7, 3, 6, 7, 7, 22, 11, 5, 7, 16, 7, 7, 5, 5, 16]
2093.0,0,[8, 16, 5, 7, 7, 16, 15, 8, 9, 18, 12, 5, 5, 7, 9, 3, 5, 9, 8]
2077.0,1,[7, 8, 6, 6, 12, 6, 13, 15, 4, 10, 10, 4, 9, 3, 9, 8, 11, 18, 10]
2084.5,2,[18, 1, 4, 9, 9, 9, 7, 10, 11, 12, 9, 16, 2, 8, 4, 8, 6, 11, 23]
2070.5,3,[7, 4, 4, 10, 10, 10, 9, 9, 4, 5, 3, 8, 8, 11, 9, 17, 9, 15, 15]
2082.0,4,[6, 6, 9, 7, 8, 2, 20, 12, 17, 10, 4, 8, 6, 11, 6, 3, 14, 9, 6]
2087.5,5,[6, 15, 15, 10, 7, 21, 9, 11, 6, 15, 7, 9, 16, 18, 5, 15, 14, 5, 5]
2084.5,6,[12, 5, 4, 7, 11, 5, 6, 6, 7, 6, 5, 11, 1, 9, 19, 6, 4, 7, 8]
2089.5,7,[12, 6, 14, 8, 20, 8, 10, 6, 13, 15, 9, 3, 17, 10, 6, 5, 15, 6, 6]
2088.0,8,[8, 6, 7, 10, 10, 13, 5, 11, 5, 6, 7, 8, 3, 5, 10, 11, 3, 6, 7]
2089.5,9,[14, 8, 8, 18, 7, 4, 4, 3, 10, 6, 11, 8, 6, 10, 15, 9, 1, 12, 14]
2089.5,10,[11, 16, 2, 9, 18, 8, 7, 9, 23, 17, 8, 7, 4, 6, 4, 7, 12, 5, 8]
2086.5,11,[11, 9, 9, 6, 10, 6, 8, 2, 8, 4, 9, 14, 8, 10, 14, 12, 4, 18, 28]
2092.0,12,[12, 4, 12, 10, 9, 13, 15, 7, 9, 11, 7, 2, 22, 5, 3, 9, 7, 9, 6]
2089.5,13,[16, 7, 17, 10, 9, 12, 5, 12, 12, 3, 6, 8, 5, 4, 12, 5, 7, 6, 14]
2067.0,14,[6, 8, 10, 9, 11, 12, 4, 15, 6, 11, 3, 6, 13, 11, 6, 8, 8, 9, 26]
2095.0,15,[12, 13, 12, 16, 4, 8, 21, 11, 16, 13, 17, 16, 7, 2, 15, 16, 6, 3, 7]
2076.5,16,[6, 4, 11, 7, 11, 21, 6, 4, 5, 9, 10, 5, 9, 4, 5, 19, 8, 11, 6]
2095.5,17,[7, 12, 2, 15, 15, 14, 2, 8, 7, 5, 4, 8, 2, 4, 8, 13, 6, 7, 17]
2056.0,18,[3, 10, 7, 5, 8, 14, 6, 10, 2, 13, 6, 11, 13, 8, 7, 7, 17, 12, 6]
2095.5,19,[1, 5, 7, 11, 17, 1, 12, 9, 11, 17, 10, 12, 10, 10, 12, 8, 28, 5, 7]
1843.5,0,[2, 10, 8, 2, 18, 3, 21, 3, 14, 8, 4, 12, 17, 3, 5, 5, 9, 9, 13]
1841.5,1,[7, 6, 6, 10, 8, 11, 4, 13, 2, 10, 8, 9, 9, 5, 19, 11, 6, 4, 4]
1852.0,2,[13, 2, 15, 11, 12, 7, 2, 8, 14, 11, 17, 12, 5, 6, 9, 4, 10, 4, 8]
1852.5,3,[7, 9, 15, 11, 8, 9, 9, 5, 12, 5, 8, 8, 7, 10, 12, 7, 10, 9, 6]
1844.5,4,[7, 7, 13, 8, 10, 6, 8, 10, 3, 4, 5, 7, 6, 5, 5, 10, 7, 1, 8]
1824.0,5,[5, 9, 8, 11, 8, 6, 6, 7, 7, 9, 9, 3, 6, 3, 4, 12, 6, 4, 9]
1791.0,6,[4, 11, 6, 9, 10, 10, 10, 7, 11, 5, 7, 15, 6, 8, 24, 14, 20, 13, 5]
1821.0,7,[4, 8, 5, 17, 4, 6, 9, 11, 12, 5, 4, 5, 16, 5, 10, 4, 18, 8, 3]
1845.5,8,[3, 1, 6, 5, 5, 6, 9, 5, 14, 6, 10, 7, 4, 3, 6, 4, 5, 1, 11]
1845.0,9,[9, 6, 8, 15, 5, 5, 6, 11, 2, 5, 5, 3, 6, 6, 11, 5, 2, 8, 3]
1792.5,10,[18, 8, 9, 5, 16, 5, 10, 14, 7, 4, 8, 6, 6, 6, 8, 6, 1, 2, 10]
1838.0,11,[4, 8, 12, 4, 8, 10, 6, 12, 13, 15, 11, 10, 11, 15, 4, 3, 4, 7, 9]
1829.5,12,[7, 3, 10, 6, 4, 15, 7, 8, 7, 5, 13, 9, 2, 6, 8, 5, 5, 4, 9]
1827.0,13,[6, 9, 4, 2, 5, 4, 13, 9, 4, 4, 7, 4, 8, 8, 6, 5, 16, 22, 6]
1852.5,14,[3, 6, 7, 13, 4, 14, 2, 6, 4, 8, 7, 7, 4, 14, 18, 7, 1, 2, 2]
1852.0,15,[8, 8, 6, 12, 9, 13, 11, 8, 14, 6, 5, 9, 13, 13, 5, 8, 8, 6, 10]
1843.0,16,[18, 8, 6, 13, 15, 10, 9, 10, 5, 23, 3, 3, 18, 3, 6, 12, 2, 10, 5]
1832.0,17,[5, 2, 6, 13, 6, 7, 7, 9, 7, 5, 3, 8, 4, 6, 9, 8, 5, 5, 14]
1852.0,18,[28, 8, 12, 11, 8, 6, 15, 8, 6, 2, 9, 1, 11, 6, 9, 5, 4, 13, 8]
1851.0,19,[7, 10, 4, 7, 5, 14, 6, 4, 10, 13, 13, 15, 8, 4, 7, 5, 4, 6, 15]
1814.5,0,[3, 8, 9, 3, 2, 9, 10, 8, 13, 14, 4, 7, 17, 4, 7, 12, 5, 4, 8]
1730.0,1,[7, 4, 4, 21, 4, 3, 6, 3, 10, 5, 9, 7, 9, 11, 10, 6, 8, 9, 8]
1814.5,2,[5, 11, 7, 10, 9, 6, 6, 9, 3, 7, 5, 2, 4, 6, 13, 13, 3, 9, 4]
1792.0,3,[7, 17, 6, 6, 9, 8, 16, 6, 21, 4, 7, 5, 7, 8, 1, 6, 1, 1, 6]
1816.0,4,[8, 7, 9, 4, 11, 2, 20, 10, 17, 7, 13, 5, 9, 19, 4, 20, 8, 6, 5]
1810.0,5,[3, 21, 14, 8, 9, 7, 6, 8, 6, 9, 5, 4, 1, 5, 14, 7, 4, 4, 3]
1785.0,6,[7, 15, 1, 8, 2, 8, 5, 9, 3, 7, 8, 12, 5, 6, 9, 3, 4, 4, 6]
1814.0,7,[4, 7, 13, 6, 8, 16, 15, 13, 11, 8, 16, 5, 7, 5, 4, 4, 5, 10, 5]
1816.5,8,[19, 5, 14, 9, 4, 7, 6, 22, 7, 1, 9, 5, 12, 11, 6, 8, 4, 10, 6]
1792.0,9,[6, 9, 7, 15, 6, 5, 4, 11, 11, 8, 8, 3, 3, 8, 8, 10, 3, 12, 11]
1799.0,10,[18, 12, 10, 17, 11, 11, 9, 5, 13, 6, 4, 9, 24, 10, 11, 6, 8, 7, 2]
1805.5,11,[9, 5, 8, 9, 12, 17, 5, 7, 4, 11, 4, 7, 14, 6, 6, 9, 12, 8, 4]
1809.0,12,[6, 10, 10, 3, 4, 5, 4, 5, 4, 4, 9, 8, 4, 12, 14, 6, 13, 6, 16]
1798.5,13,[3, 3, 6, 6, 10, 8, 12, 4, 14, 7, 8, 8, 7, 4, 7, 6, 6, 4, 11]
1815.5,14,[5, 11, 14, 9, 7, 8, 18, 25, 6, 10, 9, 12, 11, 4, 3, 5, 15, 5, 6]
1816.5,15,[10, 6, 7, 14, 8, 13, 9, 2, 13, 13, 6, 4, 16, 7, 6, 19, 4, 6, 7]
1762.5,16,[5, 5, 10, 4, 12, 4, 5, 7, 2, 4, 17, 3, 7, 3, 5, 7, 7, 1, 7]
1815.5,17,[3, 7, 7, 8, 4, 4, 2, 13, 13, 8, 6, 5, 7, 8, 4, 9, 12, 3, 16]
1813.0,18,[10, 7, 5, 16, 10, 7, 11, 3, 6, 16, 4, 7, 5, 3, 8, 9, 3, 18, 1]
1816.0,19,[9, 3, 7, 6, 4, 9, 4, 11, 10, 3, 3, 3, 6, 10, 17, 15, 8, 9, 6]
2349.0,0,[11, 7, 10, 16, 15, 9, 6, 20, 11, 4, 8, 8, 11, 12, 5, 10, 4, 11, 17]
2345.5,1,[12, 9, 7, 8, 20, 9, 3, 7, 6, 5, 23, 12, 17, 11, 5, 14, 7, 9, 7]
2314.0,2,[6, 11, 6, 5, 21, 7, 9, 10, 10, 9, 12, 16, 8, 9, 7, 11, 11, 8, 10]
2337.0,3,[5, 7, 9, 3, 3, 17, 9, 12, 11, 6, 15, 10, 23, 1, 3, 13, 11, 10, 7]
2314.0,4,[19, 9, 11, 9, 15, 17, 9, 12, 4, 5, 5, 6, 15, 6, 10, 18, 14, 21, 26]
2348.0,5,[8, 11, 16, 12, 14, 12, 16, 5, 7, 7, 9, 14, 7, 8, 11, 11, 15, 2, 11]
2349.0,6,[12, 17, 17, 2, 15, 12, 8, 14, 6, 12, 5, 9, 4, 6, 4, 8, 5, 9, 10]
2346.0,7,[6, 13, 10, 19, 9, 11, 10, 18, 9, 5, 5, 5, 18, 12, 9, 11, 7, 15, 14]
2345.5,8,[7, 11, 8, 13, 10, 7, 7, 12, 8, 7, 12, 12, 12, 11, 10, 8, 5, 20, 9]
2343.5,9,[9, 17, 13, 4, 9, 7, 33, 4, 11, 13, 6, 15, 9, 21, 16, 11, 11, 4, 11]
2324.5,10,[12, 13, 5, 22, 17, 13, 10, 4, 11, 12, 10, 13, 13, 4, 10, 6, 5, 8, 4]
2342.0,11,[8, 6, 6, 14, 11, 11, 11, 9, 4, 14, 10, 19, 10, 3, 9, 13, 7, 10, 15]
2346.0,12,[23, 9, 15, 14, 20, 7, 13, 5, 10, 7, 11, 9, 13, 13, 9, 5, 2, 3, 15]
2350.5,13,[9, 5, 20, 15, 5, 11, 4, 6, 15, 5, 4, 6, 8, 12, 6, 8, 8, 1, 11]
2282.0,14,[13, 5, 4, 12, 6, 5, 8, 10, 20, 9, 12, 8, 18, 11, 9, 14, 8, 10, 4]
2341.5,15,[8, 7, 10, 8, 19, 8, 16, 14, 7, 18, 8, 8, 7, 10, 7, 6, 8, 8, 13]
2336.0,16,[17, 7, 11, 17, 12, 9, 15, 5, 15, 8, 13, 7, 9, 7, 14, 24, 11, 8, 7]
2327.0,17,[8, 8, 12, 11, 7, 6, 15, 7, 2, 4, 12, 7, 12, 7, 12, 5, 6, 6, 6]
2348.5,18,[8, 7, 7, 8, 5, 7, 10, 16, 12, 5, 5, 10, 5, 7, 13, 13, 10, 3, 17]
2349.0,19,[12, 9, 13, 15, 9, 9, 16, 12, 10, 9, 4, 6, 15, 22, 4, 11, 12, 16, 11]
1620.5,0,[1, 10, 16, 17, 8, 5, 5, 10, 7, 4, 5, 4, 4, 7, 2, 15, 3, 6, 5]
1615.0,1,[6, 12, 6, 5, 10, 10, 6, 6, 4, 4, 15, 5, 10, 2, 11, 10, 4, 6, 2]
1618.5,2,[5, 5, 3, 7, 5, 5, 6, 2, 9, 6, 9, 5, 8, 6, 2, 7, 6, 7, 2]
1622.0,3,[9, 4, 14, 2, 4, 4, 1, 4, 6, 14, 7, 7, 9, 3, 3, 10, 6, 17, 5]
1604.5,4,[5, 4, 7, 6, 7, 17, 7, 3, 7, 2, 6, 14, 2, 9, 9, 8, 12, 9, 16]
1602.0,5,[12, 14, 5, 12, 1, 12, 3, 9, 2, 6, 5, 6, 2, 4, 4, 7, 9, 2, 7]
1617.5,6,[3, 6, 7, 2, 9, 6, 9, 9, 9, 6, 16, 3, 7, 6, 10, 9, 5, 8, 8]
1616.0,7,[6, 13, 12, 23, 10, 4, 8, 9, 6, 17, 8, 5, 6, 17, 4, 14, 3, 10, 3]
1608.5,8,[11, 1, 6, 4, 7, 12, 9, 4, 5, 14, 1, 4, 5, 8, 7, 11, 14, 10, 3]
1617.0,9,[3, 7, 5, 5, 4, 10, 13, 1, 9, 10, 8, 2, 9, 10, 3, 5, 3, 8, 5]
1578.0,10,[9, 10, 5, 5, 4, 9, 7, 4, 5, 6, 15, 8, 6, 4, 12, 7, 6, 11, 9]
1614.5,11,[2, 9, 14, 6, 10, 5, 4, 3, 7, 7, 8, 11, 6, 7, 12, 8, 3, 5, 8]
1563.5,12,[7, 15, 7, 11, 6, 2, 5, 11, 1, 13, 17, 7, 8, 8, 9, 8, 3, 1, 6]
1565.0,13,[8, 9, 10, 6, 17, 4, 6, 2, 9, 15, 14, 4, 12, 8, 8, 19, 6, 6, 8]
1588.5,14,[7, 14, 6, 7, 4, 5, 6, 13, 3, 3, 21, 7, 3, 5, 7, 5, 7, 7, 4]
1616.0,15,[2, 9, 4, 8, 11, 7, 15, 4, 3, 11, 6, 4, 6, 6, 11, 3, 6, 5, 9]
1613.0,16,[20, 2, 7, 9, 4, 12, 2, 5, 4, 4, 9, 7, 6, 7, 5, 3, 6, 8, 4]
1616.0,17,[10, 8, 9, 6, 3, 9, 6, 11, 10, 12, 5, 2, 8, 6, 8, 7, 7, 12, 8]
1601.0,18,[10, 4, 6, 5, 1, 6, 5, 7, 6, 3, 4, 1, 7, 4, 5, 13, 7, 11, 5]
1612.0,19,[4, 2, 15, 12, 3, 10, 8, 6, 9, 13, 3, 3, 3, 6, 8, 11, 1, 6, 11]
2255.5,0,[11, 6, 5, 13, 9, 5, 16, 8, 11, 12, 13, 11, 7, 5, 13, 10, 15, 7, 7]
2255.5,1,[10, 7, 11, 5, 10, 17, 2, 11, 7, 11, 11, 13, 6, 5, 7, 11, 11, 7, 8]
2253.0,2,[7, 13, 3, 13, 8, 6, 7, 7, 13, 8, 11, 7, 8, 7, 13, 21, 10, 14, 7]
2234.5,3,[19, 9, 16, 3, 16, 5, 6, 6, 17, 10, 19, 5, 6, 12, 4, 6, 12, 7, 9]
2244.5,4,[3, 11, 6, 9, 11, 7, 3, 19, 8, 5, 14, 12, 15, 3, 5, 16, 10, 3, 4]
2248.5,5,[11, 10, 6, 17, 6, 13, 6, 6, 5, 12, 14, 5, 7, 10, 19, 8, 9, 6, 5]
2177.0,6,[7, 8, 4, 6, 5, 2, 7, 8, 11, 12, 4, 17, 6, 3, 8, 10, 6, 6, 19]
2252.5,7,[6, 10, 8, 27, 13, 10, 9, 14, 13, 3, 13, 13, 17, 9, 8, 5, 11, 10, 7]
2219.5,8,[12, 2, 10, 14, 5, 7, 6, 11, 18, 23, 12, 3, 6, 5, 14, 7, 7, 15, 6]
2247.5,9,[10, 9, 11, 13, 8, 7, 7, 14, 17, 6, 6, 5, 4, 5, 10, 8, 9, 9, 11]
2247.0,10,[5, 25, 12, 18, 6, 8, 11, 11, 16, 16, 8, 4, 9, 11, 12, 11, 6, 5, 3]
2253.0,11,[11, 10, 13, 23, 7, 20, 11, 12, 12, 4, 9, 9, 10, 10, 8, 6, 10, 14, 7]
2237.5,12,[7, 3, 5, 14, 7, 6, 8, 9, 11, 13, 9, 6, 4, 11, 17, 8, 4, 15, 12]
2254.0,13,[9, 16, 9, 5, 17, 15, 14, 18, 6, 6, 2, 5, 5, 8, 7, 5, 19, 10, 2]
2254.0,14,[9, 10, 9, 7, 10, 17, 5, 10, 11, 10, 8, 6, 14, 10, 22, 6, 7, 3, 8]
2230.0,15,[12, 18, 7, 23, 9, 11, 9, 6, 7, 14, 14, 5, 8, 10, 9, 7, 13, 18, 9]
2256.0,16,[27, 9, 6, 14, 8, 10, 11, 17, 15, 3, 4, 7, 10, 1, 3, 13, 8, 22, 17]
2247.5,17,[7, 11, 24, 7, 12, 19, 8, 22, 8, 11, 8, 12, 6, 11, 8, 12, 7, 5, 8]
2254.5,18,[4, 15, 10, 10, 10, 14, 18, 12, 4, 7, 6, 6, 14, 13, 11, 9, 5, 9, 8]
2216.5,19,[15, 10, 11, 7, 5, 17, 16, 7, 7, 7, 13, 6, 11, 3, 8, 11, 6, 19, 4]
1381.5,0,[3, 6, 4, 4, 8, 6, 7, 5, 2, 3, 5, 7, 11, 2, 6, 3, 9, 2, 5]
1394.0,1,[9, 8, 4, 10, 4, 8, 4, 6, 4, 4, 13, 2, 11, 7, 13, 11, 6, 18, 2]
1411.0,2,[9, 5, 4, 11, 7, 9, 1, 2, 14, 13, 14, 9, 5, 6, 1, 4, 8, 4, 4]
1386.0,3,[8, 1, 4, 1, 7, 4, 8, 8, 5, 11, 13, 3, 4, 11, 10, 7, 3, 6, 19]
1387.0,4,[6, 16, 5, 5, 7, 3, 4, 1, 2, 3, 6, 6, 8, 4, 4, 7, 6, 8, 3]
1424.0,5,[7, 12, 10, 3, 6, 22, 7, 16, 1, 10, 5, 2, 3, 2, 8, 12, 3, 9, 11]
1412.0,6,[14, 6, 6, 2, 8, 5, 4, 10, 15, 5, 11, 6, 11, 8, 9, 6, 2, 4, 3]
1408.5,7,[3, 7, 3, 12, 5, 3, 4, 6, 5, 11, 6, 4, 2, 6, 7, 7, 6, 4, 4]
1417.0,8,[9, 5, 1, 9, 7, 7, 4, 13, 7, 2, 5, 2, 7, 2, 7, 8, 7, 5, 11]
1422.0,9,[5, 9, 5, 6, 5, 3, 3, 5, 3, 6, 6, 5, 3, 8, 1, 2, 5, 6, 23]
1419.5,10,[8, 7, 1, 2, 9, 16, 3, 7, 4, 9, 6, 1, 14, 3, 12, 6, 4, 3, 7]
1417.5,11,[11, 4, 7, 16, 3, 5, 8, 4, 6, 1, 5, 3, 3, 3, 2, 2, 2, 12, 2]
1425.0,12,[7, 3, 5, 4, 6, 3, 5, 5, 1, 1, 18, 2, 5, 6, 10, 3, 1, 1, 2]
1418.0,13,[9, 10, 5, 4, 4, 9, 6, 13, 3, 7, 17, 3, 6, 9, 10, 10, 1, 1, 5]
1364.0,14,[6, 5, 7, 4, 6, 3, 2, 7, 5, 5, 8, 6, 9, 9, 5, 7, 3, 3, 5]
1423.0,15,[8, 4, 20, 5, 3, 11, 6, 3, 2, 2, 4, 6, 6, 9, 5, 7, 2, 7, 7]
1419.5,16,[6, 11, 2, 8, 3, 5, 12, 14, 9, 3, 2, 5, 8, 8, 3, 2, 6, 7, 7]
1378.5,17,[15, 2, 6, 3, 10, 5, 8, 3, 8, 3, 3, 6, 10, 7, 6, 6, 10, 1, 7]
1409.5,18,[3, 5, 5, 14, 4, 3, 4, 8, 4, 8, 4, 6, 10, 13, 7, 12, 10, 12, 4]
1424.5,19,[3, 3, 1, 5, 6, 9, 6, 3, 10, 13, 8, 4, 6, 7, 6, 9, 8, 4, 3]
1676.0,0,[10, 10, 8, 8, 6, 2, 6, 6, 7, 12, 6, 13, 5, 6, 7, 5, 13, 7, 5]
1675.5,1,[14, 4, 10, 6, 7, 7, 9, 7, 5, 5, 5, 6, 8, 9, 6, 2, 2, 6, 6]
1674.0,2,[8, 4, 11, 11, 4, 4, 7, 4, 7, 12, 16, 6, 9, 8, 9, 6, 6, 10, 8]
1682.5,3,[18, 10, 6, 14, 9, 5, 5, 8, 3, 7, 5, 16, 12, 4, 11, 4, 6, 7, 5]
1664.0,4,[5, 11, 7, 1, 15, 6, 4, 5, 4, 9, 11, 2, 17, 2, 13, 12, 14, 6, 5]
1683.5,5,[1, 4, 10, 7, 16, 5, 3, 7, 9, 11, 6, 5, 6, 8, 13, 4, 10, 13, 3]
1677.5,6,[11, 5, 10, 4, 3, 5, 4, 10, 13, 8, 3, 7, 9, 11, 8, 5, 8, 10, 7]
1659.0,7,[7, 12, 7, 3, 13, 6, 5, 5, 5, 11, 5, 8, 10, 14, 12, 6, 4, 9, 6]
1678.5,8,[28, 7, 6, 15, 9, 4, 18, 8, 4, 8, 2, 12, 4, 5, 6, 10, 4, 2, 10]
1683.5,9,[6, 19, 4, 4, 9, 7, 4, 7, 6, 16, 7, 4, 12, 9, 8, 12, 5, 10, 5]
1672.5,10,[4, 16, 9, 3, 21, 6, 3, 6, 3, 8, 1, 7, 8, 7, 16, 1, 2, 12, 7]
1672.0,11,[10, 8, 9, 8, 9, 3, 3, 5, 13, 7, 9, 8, 6, 3, 3, 9, 8, 6, 4]
1678.5,12,[6, 3, 7, 6, 6, 8, 12, 13, 7, 6, 2, 5, 9, 5, 10, 11, 4, 13, 23]
1643.0,13,[7, 2, 12, 15, 5, 9, 6, 6, 3, 7, 9, 8, 2, 4, 8, 7, 3, 5, 7]
1682.5,14,[14, 8, 3, 7, 5, 4, 4, 18, 4, 2, 5, 4, 11, 9, 8, 5, 5, 3, 2]
1680.5,15,[2, 7, 9, 5, 7, 5, 11, 10, 24, 5, 3, 10, 8, 5, 4, 11, 4, 3, 6]
1683.5,16,[4, 5, 6, 12, 5, 5, 12, 6, 5, 11, 5, 4, 6, 9, 7, 13, 9, 3, 6]
1663.5,17,[19, 15, 3, 13, 13, 3, 5, 6, 8, 3, 9, 4, 8, 4, 5, 2, 8, 5, 5]
1683.0,18,[6, 6, 5, 10, 7, 3, 4, 11, 9, 15, 5, 5, 10, 6, 4, 5, 2, 7, 6]
1672.5,19,[6, 11, 13, 7, 6, 11, 4, 6, 11, 5, 9, 12, 5, 5, 4, 5, 3, 12, 8]
1399.5,0,[4, 12, 9, 5, 3, 1, 10, 3, 3, 2, 4, 8, 14, 8, 10, 3, 10, 3, 3]
1426.5,1,[3, 9, 8, 5, 2, 6, 8, 3, 4, 7, 1, 2, 8, 17, 11, 5, 1, 4, 5]
1430.5,2,[7, 3, 13, 10, 10, 3, 4, 7, 4, 6, 7, 6, 2, 7, 3, 6, 6, 2, 4]
1428.5,3,[4, 7, 5, 19, 7, 6, 13, 4, 3, 8, 1, 3, 6, 7, 4, 5, 5, 4, 3]
1435.0,4,[10, 3, 14, 5, 4, 22, 5, 7, 8, 7, 6, 4, 17, 7, 7, 14, 3, 8, 6]
1420.0,5,[5, 9, 13, 4, 2, 5, 13, 10, 8, 5, 5, 6, 4, 4, 6, 6, 13, 1, 4]
1428.5,6,[3, 5, 4, 4, 11, 5, 7, 4, 10, 2, 7, 4, 6, 3, 3, 11, 11, 9, 10]
1417.0,7,[21, 13, 10, 9, 4, 11, 6, 2, 4, 9, 10, 7, 7, 2, 9, 5, 8, 7, 3]
1424.0,8,[4, 3, 3, 7, 12, 7, 19, 4, 1, 6, 1, 8, 4, 5, 8, 13, 9, 5, 3]
1429.5,9,[4, 8, 11, 4, 6, 7, 4, 6, 1, 3, 9, 3, 10, 7, 1, 1, 16, 4, 13]
1409.5,10,[3, 7, 4, 2, 5, 1, 7, 9, 3, 10, 9, 5, 5, 4, 6, 3, 7, 2, 7]
1430.0,11,[9, 4, 5, 3, 11, 7, 7, 14, 1, 5, 6, 8, 6, 3, 6, 4, 3, 5, 17]
1420.0,12,[14, 3, 5, 13, 5, 10, 6, 4, 10, 11, 6, 6, 6, 3, 4, 1, 12, 2, 6]
1426.5,13,[10, 5, 1, 4, 12, 2, 3, 2, 7, 5, 4, 5, 17, 6, 10, 5, 2, 4, 7]
1431.0,14,[9, 4, 5, 6, 5, 16, 4, 5, 3, 4, 4, 3, 2, 6, 10, 4, 8, 9, 7]
1428.5,15,[4, 12, 4, 7, 6, 16, 7, 12, 5, 11, 11, 2, 6, 24, 7, 8, 11, 3, 5]
1435.0,16,[11, 7, 7, 4, 6, 4, 6, 3, 4, 4, 8, 5, 7, 10, 5, 3, 2, 8, 3]
1435.0,17,[1, 9, 2, 6, 3, 7, 1, 9, 11, 6, 3, 1, 4, 3, 3, 7, 5, 2, 6]
1435.0,18,[3, 5, 7, 12, 3, 15, 6, 6, 4, 2, 6, 3, 5, 3, 6, 5, 3, 2, 9]
1429.5,19,[4, 16, 3, 7, 7, 3, 6, 10, 3, 4, 7, 6, 13, 7, 4, 2, 10, 5, 5]
2039.5,0,[11, 3, 6, 4, 17, 21, 12, 2, 5, 8, 2, 13, 9, 7, 3, 37, 2, 5, 6]
2044.5,1,[6, 14, 7, 20, 14, 8, 8, 9, 8, 7, 8, 12, 4, 7, 9, 22, 13, 15, 11]
2045.5,2,[16, 6, 22, 9, 6, 10, 4, 10, 7, 14, 3, 2, 2, 3, 7, 4, 10, 12, 32]
2045.5,3,[7, 6, 8, 6, 7, 12, 6, 6, 18, 25, 11, 10, 11, 5, 14, 10, 9, 3, 4]
2014.0,4,[11, 5, 8, 5, 10, 2, 5, 4, 3, 10, 6, 8, 14, 8, 6, 9, 11, 5, 6]
2029.5,5,[11, 5, 20, 8, 10, 3, 11, 5, 6, 6, 8, 9, 10, 5, 6, 11, 10, 8, 5]
2050.0,6,[10, 3, 5, 11, 9, 7, 15, 12, 11, 9, 7, 8, 8, 6, 1, 3, 6, 9, 7]
2043.5,7,[19, 9, 3, 6, 8, 7, 9, 5, 16, 12, 10, 7, 6, 10, 7, 8, 7, 19, 3]
2039.0,8,[7, 19, 10, 15, 7, 7, 10, 6, 15, 6, 7, 5, 9, 15, 9, 6, 2, 11, 7]
2045.5,9,[13, 7, 12, 2, 13, 11, 18, 10, 4, 5, 5, 7, 9, 13, 7, 3, 5, 7, 8]
2032.0,10,[6, 13, 5, 10, 11, 7, 11, 6, 10, 5, 5, 7, 9, 6, 10, 6, 5, 9, 9]
2038.5,11,[7, 11, 6, 8, 13, 10, 13, 6, 6, 6, 7, 11, 5, 8, 22, 10, 8, 4, 3]
2044.0,12,[10, 7, 6, 13, 8, 21, 7, 6, 11, 20, 8, 4, 9, 8, 6, 12, 11, 9, 4]
2051.5,13,[3, 9, 8, 9, 18, 9, 36, 12, 17, 9, 5, 6, 15, 1, 11, 8, 7, 7, 5]
2041.0,14,[16, 5, 12, 6, 8, 9, 4, 12, 19, 18, 6, 7, 9, 7, 9, 3, 20, 18, 11]
2040.0,15,[6, 11, 10, 11, 10, 6, 5, 10, 6, 5, 7, 2, 12, 7, 11, 9, 20, 6, 11]
2051.0,16,[8, 16, 21, 12, 14, 5, 11, 6, 14, 2, 14, 20, 23, 8, 4, 14, 11, 11, 2]
2022.0,17,[7, 8, 5, 7, 12, 7, 10, 6, 15, 4, 5, 5, 12, 12, 6, 7, 16, 4, 12]
2039.5,18,[10, 6, 7, 16, 4, 5, 9, 16, 9, 18, 6, 5, 8, 13, 4, 15, 6, 13, 12]
2032.0,19,[5, 5, 23, 8, 5, 4, 7, 7, 4, 18, 19, 12, 4, 9, 2, 4, 12, 6, 4]
1817.0,0,[11, 7, 11, 8, 2, 6, 4, 5, 5, 4, 9, 9, 15, 3, 9, 6, 3, 5, 12]
1869.5,1,[4, 6, 11, 6, 11, 6, 12, 3, 6, 8, 3, 5, 12, 3, 11, 8, 10, 7, 13]
1880.5,2,[4, 13, 19, 5, 13, 16, 8, 11, 22, 12, 3, 6, 4, 7, 6, 14, 2, 5, 9]
1870.5,3,[4, 12, 10, 11, 11, 1, 9, 6, 4, 5, 8, 11, 5, 14, 9, 8, 9, 19, 8]
1888.0,4,[7, 4, 14, 9, 11, 11, 12, 9, 6, 18, 8, 6, 8, 6, 6, 6, 17, 12, 6]
1889.5,5,[13, 9, 8, 10, 6, 8, 7, 5, 10, 4, 10, 7, 6, 13, 9, 5, 7, 8, 8]
1887.5,6,[6, 9, 9, 10, 3, 10, 8, 11, 11, 5, 6, 6, 6, 17, 10, 5, 10, 7, 14]
1888.5,7,[9, 8, 6, 11, 15, 7, 11, 5, 6, 13, 6, 6, 17, 14, 6, 5, 11, 7, 7]
1844.5,8,[3, 3, 10, 6, 13, 4, 4, 15, 9, 4, 2, 8, 9, 3, 9, 8, 7, 3, 6]
1890.0,9,[6, 4, 10, 13, 12, 9, 6, 5, 7, 6, 4, 9, 5, 13, 3, 7, 8, 11, 6]
1893.0,10,[4, 21, 9, 1, 5, 6, 7, 10, 6, 10, 10, 7, 3, 8, 9, 5, 6, 3, 8]
1883.0,11,[5, 13, 5, 3, 8, 14, 8, 13, 7, 11, 4, 8, 5, 8, 8, 26, 13, 4, 4]
1893.0,12,[5, 9, 8, 6, 4, 13, 11, 6, 10, 5, 14, 22, 12, 6, 6, 10, 8, 12, 7]
1889.0,13,[8, 4, 8, 7, 6, 7, 8, 8, 6, 6, 4, 11, 2, 5, 7, 5, 2, 5, 8]
1873.5,14,[7, 2, 6, 6, 4, 13, 16, 8, 16, 4, 14, 9, 7, 13, 7, 6, 8, 12, 7]
1886.0,15,[4, 29, 3, 7, 9, 4, 12, 5, 9, 8, 11, 11, 1, 9, 3, 7, 5, 12, 6]
1885.5,16,[20, 5, 11, 20, 2, 11, 7, 12, 5, 11, 10, 4, 2, 18, 6, 12, 3, 5, 5]
1881.5,17,[6, 7, 19, 10, 5, 9, 9, 12, 7, 8, 15, 9, 11, 5, 6, 3, 14, 13, 12]
1861.0,18,[10, 13, 6, 12, 4, 8, 20, 11, 7, 9, 6, 8, 13, 5, 6, 11, 4, 4, 6]
1892.0,19,[13, 6, 5, 1, 3, 5, 10, 9, 2, 10, 24, 16, 8, 10, 12, 3, 14, 2, 2]
2068.5,0,[15, 9, 8, 6, 12, 8, 8, 22, 4, 10, 10, 6, 11, 9, 4, 7, 7, 6, 10]
2048.5,1,[5, 8, 9, 8, 6, 8, 7, 9, 3, 10, 9, 4, 9, 8, 17, 5, 3, 6, 16]
2075.5,2,[3, 9, 9, 17, 6, 20, 10, 6, 6, 8, 7, 17, 5, 13, 7, 12, 6, 5, 10]
2074.5,3,[11, 8, 9, 21, 12, 9, 8, 15, 9, 6, 7, 8, 7, 7, 9, 8, 12, 3, 9]
2072.5,4,[3, 8, 18, 8, 9, 11, 13, 7, 6, 11, 20, 14, 3, 9, 5, 7, 4, 6, 9]
2085.0,5,[8, 15, 12, 9, 10, 5, 10, 10, 4, 8, 3, 9, 18, 12, 6, 6, 4, 13, 3]
2074.5,6,[12, 13, 10, 11, 12, 13, 9, 11, 4, 5, 9, 3, 4, 15, 7, 9, 13, 11, 7]
2089.0,7,[6, 10, 13, 3, 7, 6, 5, 8, 10, 12, 7, 1, 4, 9, 8, 6, 7, 9, 4]
2085.5,8,[11, 11, 11, 12, 11, 5, 8, 11, 7, 3, 18, 6, 5, 9, 9, 11, 9, 7, 2]
2068.0,9,[7, 6, 13, 9, 22, 8, 6, 16, 12, 15, 10, 10, 7, 2, 12, 6, 12, 16, 9]
2085.0,10,[7, 8, 14, 4, 9, 15, 4, 6, 11, 4, 17, 8, 5, 8, 11, 9, 9, 2, 6]
2080.0,11,[9, 7, 7, 12, 11, 5, 7, 3, 6, 4, 7, 14, 8, 11, 11, 8, 9, 8, 4]
2088.0,12,[11, 10, 7, 5, 10, 8, 7, 13, 5, 10, 9, 15, 17, 3, 10, 8, 19, 6, 6]
2082.0,13,[6, 12, 5, 9, 8, 10, 4, 8, 19, 11, 9, 9, 6, 14, 8, 3, 7, 7, 11]
2075.5,14,[10, 8, 6, 3, 11, 12, 10, 6, 10, 5, 4, 10, 4, 8, 7, 13, 8, 10, 8]
2089.0,15,[7, 6, 13, 11, 6, 7, 9, 6, 13, 3, 12, 16, 5, 24, 7, 5, 16, 3, 9]
2086.5,16,[8, 17, 13, 11, 6, 18, 7, 10, 4, 17, 8, 4, 12, 5, 11, 22, 7, 10, 5]
2083.5,17,[10, 6, 10, 13, 23, 11, 14, 9, 8, 5, 22, 18, 11, 9, 5, 3, 4, 7, 7]
2090.0,18,[8, 6, 7, 5, 11, 4, 1, 5, 7, 11, 14, 3, 6, 17, 10, 9, 11, 4, 6]
2079.0,19,[8, 9, 10, 7, 9, 3, 14, 11, 8, 7, 7, 14, 9, 6, 14, 13, 5, 7, 4]
3320.0,0,[17, 18, 14, 20, 8, 21, 19, 13, 12, 10, 23, 23, 17, 12, 25, 14, 17, 8, 8]
3321.5,1,[21, 22, 19, 8, 6, 11, 15, 22, 10, 10, 4, 10, 16, 23, 16, 17, 10, 9, 26]
3299.0,2,[9, 17, 14, 9, 11, 17, 18, 15, 12, 13, 19, 11, 14, 11, 16, 17, 7, 19, 13]
3323.0,3,[10, 13, 15, 10, 13, 15, 21, 15, 13, 15, 15, 16, 17, 13, 9, 11, 21, 8, 13]
3322.0,4,[10, 12, 26, 8, 21, 17, 13, 20, 12, 12, 14, 21, 27, 7, 7, 17, 11, 16, 19]
3310.5,5,[16, 13, 12, 12, 12, 40, 12, 13, 15, 23, 11, 16, 10, 13, 8, 13, 17, 20, 19]
3286.5,6,[18, 12, 13, 12, 16, 17, 10, 5, 12, 13, 19, 21, 16, 13, 13, 24, 13, 29, 7]
3257.0,7,[17, 13, 12, 13, 10, 20, 11, 14, 14, 12, 12, 23, 9, 20, 9, 20, 11, 12, 10]
3324.5,8,[15, 16, 22, 20, 18, 18, 7, 12, 12, 7, 19, 3, 15, 17, 14, 12, 21, 17, 9]
3323.0,9,[14, 13, 28, 10, 13, 18, 22, 10, 14, 14, 11, 15, 15, 24, 10, 15, 10, 11, 27]
3315.5,10,[20, 14, 9, 15, 9, 19, 21, 18, 14, 10, 14, 25, 9, 15, 8, 17, 18, 30, 13]
3326.0,11,[12, 9, 14, 14, 15, 12, 28, 12, 18, 10, 9, 15, 22, 7, 11, 10, 6, 18, 15]
3321.0,12,[11, 15, 15, 15, 15, 26, 19, 21, 10, 17, 21, 10, 22, 15, 11, 17, 19, 12, 19]
3323.0,13,[24, 18, 11, 10, 16, 12, 7, 18, 14, 16, 17, 18, 18, 7, 17, 13, 8, 17, 14]
3325.0,14,[8, 15, 17, 22, 10, 13, 17, 19, 22, 9, 8, 8, 13, 15, 21, 8, 10, 12, 12]
3324.5,15,[15, 18, 11, 16, 16, 6, 22, 11, 18, 8, 12, 11, 17, 13, 1